duration,total_fpackets,total_bpackets,total_fpktl,total_bpktl,min_fpktl,min_bpktl,max_fpktl,max_bpktl,mean_fpktl,mean_bpktl,std_fpktl,std_bpktl,total_fiat,total_biat,min_fiat,min_biat,max_fiat,max_biat,mean_fiat,mean_biat,std_fiat,std_biat,fpsh_cnt,bpsh_cnt,furg_cnt,burg_cnt,total_fhlen,total_bhlen,fPktsPerSecond,bPktsPerSecond,flowPktsPerSecond,flowBytesPerSecond,min_flowpktl,max_flowpktl,mean_flowpktl,std_flowpktl,min_flowiat,max_flowiat,mean_flowiat,std_flowiat,flow_fin,flow_syn,flow_rst,flow_psh,flow_ack,flow_urg,flow_cwr,flow_ece,downUpRatio,avgPacketSize,fAvgSegmentSize,fHeaderBytes,fAvgBytesPerBulk,fAvgPacketsPerBulk,fAvgBulkRate,bVarianceDataBytes,bAvgSegmentSize,bAvgBytesPerBulk,bAvgPacketsPerBulk,bAvgBulkRate,sflow_fpacket,sflow_fbytes,sflow_bpacket,sflow_bbytes,min_active,mean_active,max_active,std_active,min_idle,mean_idle,max_idle,std_idle,FFNEPD,Init_Win_bytes_forward,Init_Win_bytes_backward,RRT_samples_clnt,Act_data_pkt_forward,min_seg_size_forward,calss
230165,3,4,427,417,52,52,315,253,142.33333,104.25,149.58554,99.23667,118125,118993,4,13,118121,118247,59062.5,39664.332,83521.33,68055.54,1,1,0,0,60,80,13.034127,17.378838,30.412964,3666.9346,52,315,120.57143,113.12435,4,111294,38360.832,56506.766,1,2,0,2,6,0,0,0,0.9765808,120.57143,142.33333,60,0,0,0,9847.917,104,0,0,0,0,0,0,0,-1,0.0,-1,0.0,-1,0.0,-1,0.0,2,4194240,926720,3,3,32,benign
73144,3,3,268,164,52,52,156,60,89.333336,54.666668,57.869106,4.5643544,38373,39115,1875,14,36498,39101,19186.5,19557.5,24482.158,27638.684,1,0,0,0,60,60,41.014984,41.014984,82.02997,5906.1577,52,156,72.0,41.335217,14,34757,14628.8,18066.715,1,2,0,1,5,0,0,0,0.6119403,72.0,89.333336,60,0,0,0,20.833334,54,0,0,0,0,0,0,0,-1,0.0,-1,0.0,-1,0.0,-1,0.0,2,4194240,1718208,2,3,32,benign
60557731,4,4,621,327,40,40,481,195,155.25,81.75,217.37045,75.70942,598995,60293556,1375,2454,309500,60001226,199665.0,20100000.0,172056.6,34600000.0,1,1,0,0,80,80,0.066052675,0.066052675,0.13210535,15.654484,40,481,118.5,155.72458,1375,59958736,8651104.0,22600000.0,1,2,0,2,7,0,0,0,0.52657,118.5,155.25,80,0,0,0,5731.9165,81,0,0,0,4,621,4,327,60557731,60600000.0,60557731,0.0,59958736,60000000.0,59958736,0.0,2,4194240,4111360,3,4,20,benign
59741430,11,8,592,436,52,52,64,64,53.81818,54.5,3.5019474,3.946065,59317144,51432064,11744,10636,10478753,10684506,5931714.5,7347437.5,4719615.0,4693637.0,4,4,0,0,220,160,0.18412682,0.13391042,0.31803724,17.207489,52,64,54.105263,3.6116283,6180,10260220,3318968.2,4529179.5,0,0,0,8,19,0,0,0,0.7364865,54.105263,53.81818,220,0,0,0,15.571428,54,0,0,0,1,98,1,72,8309366,9956905.0,11689516,1318332.9,8090511,9501494.0,10260220,904602.94,2,87616,7296,7,11,32,asware
0,1,0,408,0,408,-1,408,-1,408.0,0.0,0.0,0.0,0,0,-1,-1,-1,-1,0.0,0.0,0.0,0.0,0,0,0,0,20,0,0.0,0.0,0.0,0.0,408,408,408.0,0.0,-1,-1,0.0,0.0,0,0,0,0,0,0,0,0,0.0,408.0,408.0,20,0,0,0,0.0,0,0,0,0,0,0,0,0,-1,0.0,-1,0.0,-1,0.0,-1,0.0,2,0,-1,0,1,0,benign
419001,12,12,2668,6235,52,52,1390,1064,222.33333,519.5833,396.38544,486.8143,330123,332931,2,60,103622,133661,30011.182,30266.455,44927.652,49831.84,3,3,0,0,240,240,28.63955,28.63955,57.2791,21248.16,52,1390,370.95834,459.93155,2,97732,18217.436,33850.117,1,2,0,6,23,0,0,0,2.3369565,370.95834,222.33333,240,490,7,16065,236988.17,519,5531,7,453063,0,0,0,0,-1,0.0,-1,0.0,-1,0.0,-1,0.0,2,4194240,926720,10,12,32,benign
0,1,0,422,0,422,-1,422,-1,422.0,0.0,0.0,0.0,0,0,-1,-1,-1,-1,0.0,0.0,0.0,0.0,0,0,0,0,20,0,0.0,0.0,0.0,0.0,422,422,422.0,0.0,-1,-1,0.0,0.0,0,0,0,0,0,0,0,0,0.0,422.0,422.0,20,0,0,0,0.0,0,0,0,0,0,0,0,0,-1,0.0,-1,0.0,-1,0.0,-1,0.0,2,0,-1,0,1,0,benign
964,1,1,52,52,52,52,52,52,52.0,52.0,0.0,0.0,0,0,-1,-1,-1,-1,0.0,0.0,0.0,0.0,0,0,0,0,20,20,1037.3444,1037.3444,2074.6887,107883.82,52,52,52.0,1.0,964,964,964.0,0.0,1,0,0,0,2,0,0,0,1.0,52.0,52.0,20,0,0,0,0.0,52,0,0,0,0,0,0,0,-1,0.0,-1,0.0,-1,0.0,-1,0.0,2,89792,43392,1,1,32,benign
112785,1,1,57,290,57,290,57,290,57.0,290.0,0.0,0.0,0,0,-1,-1,-1,-1,0.0,0.0,0.0,0.0,0,0,0,0,20,20,8.866427,8.866427,17.732855,3076.6501,57,290,173.5,164.75284,112785,112785,112785.0,0.0,0,0,0,0,0,0,0,0,5.0877194,173.5,57.0,20,0,0,0,0.0,290,0,0,0,0,0,0,0,-1,0.0,-1,0.0,-1,0.0,-1,0.0,2,0,0,0,1,0,asware
35749,2,2,111,111,52,52,59,59,55.5,55.5,4.84768,4.84768,35749,240,35749,240,35749,240,35749.0,240.0,0.0,0.0,1,1,0,0,40,40,55.94562,55.94562,111.89124,6209.964,52,59,55.5,4.0,240,32444,11916.333,17833.508,0,0,0,2,4,0,0,0,1.0,55.5,55.5,40,0,0,0,23.5,55,0,0,0,0,0,0,0,-1,0.0,-1,0.0,-1,0.0,-1,0.0,2,87616,64,1,2,32,benign
46234629,2,0,104,0,52,-1,52,-1,52.0,0.0,1.0,0.0,46234629,0,46234629,-1,46234629,-1,46200000.0,0.0,0.0,0.0,0,0,0,0,40,0,0.04325762,0.0,0.04325762,2.2493963,52,52,52.0,1.0,46234629,46234629,46200000.0,0.0,2,0,0,0,2,0,0,0,0.0,52.0,52.0,40,0,0,0,0.0,0,0,0,0,2,104,0,0,46234629,46200000.0,46234629,0.0,46234629,46200000.0,46234629,0.0,3,88704,-1,0,2,32,asware
11115500,6,4,1750,539,52,52,767,375,291.66666,134.75,368.20438,160.21002,11115500,6084626,8872,139988,5031123,4442923,2223100.0,2028208.6,2493556.5,2199252.0,2,1,0,0,120,80,0.53978676,0.35985786,0.8996446,205.92867,52,767,228.9,300.73425,8872,4919086,1235055.5,1988833.0,1,2,0,3,9,0,0,0,0.308,228.9,291.66666,120,0,0,0,25667.25,134,0,0,0,2,583,1,179,1389678,3705166.8,5031123,2012314.9,1159131,3507046.8,4919086,2047245.4,2,4194240,1853440,3,6,32,asware
7049755,2,0,80,0,40,-1,40,-1,40.0,0.0,1.0,0.0,7049755,0,7049755,-1,7049755,-1,7049755.0,0.0,0.0,0.0,0,0,0,0,40,0,0.2836978,0.0,0.2836978,11.347912,40,40,40.0,1.0,7049755,7049755,7049755.0,0.0,2,0,0,0,2,0,0,0,0.0,40.0,40.0,40,0,0,0,0.0,0,0,0,0,2,80,0,0,7049755,7049755.0,7049755,0.0,7049755,7049755.0,7049755,0.0,3,89088,-1,0,2,20,asware
5943,2,0,104,0,52,-1,52,-1,52.0,0.0,1.0,0.0,5943,0,5943,-1,5943,-1,5943.0,0.0,0.0,0.0,0,0,0,0,40,0,336.53036,0.0,336.53036,17499.58,52,52,52.0,1.0,5943,5943,5943.0,0.0,0,0,0,0,2,0,0,0,0.0,52.0,52.0,40,0,0,0,0.0,0,0,0,0,0,0,0,0,-1,0.0,-1,0.0,-1,0.0,-1,0.0,3,5824,-1,0,2,32,benign
0,1,0,420,0,420,-1,420,-1,420.0,0.0,0.0,0.0,0,0,-1,-1,-1,-1,0.0,0.0,0.0,0.0,0,0,0,0,20,0,0.0,0.0,0.0,0.0,420,420,420.0,0.0,-1,-1,0.0,0.0,0,0,0,0,0,0,0,0,0.0,420.0,420.0,20,0,0,0,0.0,0,0,0,0,0,0,0,0,-1,0.0,-1,0.0,-1,0.0,-1,0.0,2,0,-1,0,1,0,benign
3806,1,1,52,52,52,52,52,52,52.0,52.0,0.0,0.0,0,0,-1,-1,-1,-1,0.0,0.0,0.0,0.0,0,0,0,0,20,20,262.74304,262.74304,525.4861,27325.275,52,52,52.0,1.0,3806,3806,3806.0,0.0,1,0,0,0,2,0,0,0,1.0,52.0,52.0,20,0,0,0,0.0,52,0,0,0,0,0,0,0,-1,0.0,-1,0.0,-1,0.0,-1,0.0,2,4480,87616,1,1,32,benign
42817,1,1,52,52,52,52,52,52,52.0,52.0,0.0,0.0,0,0,-1,-1,-1,-1,0.0,0.0,0.0,0.0,0,0,0,0,20,20,23.35521,23.35521,46.71042,2428.942,52,52,52.0,1.0,42817,42817,42817.0,0.0,1,0,0,0,2,0,0,0,1.0,52.0,52.0,20,0,0,0,0.0,52,0,0,0,0,0,0,0,-1,0.0,-1,0.0,-1,0.0,-1,0.0,2,87616,15168,1,1,32,asware
4033624,11,8,1332,4236,52,52,493,1064,121.09091,529.5,138.6131,455.1262,4033624,467700,2,93,3412249,218909,403362.4,66814.29,1058827.9,88286.266,3,3,0,0,220,160,2.7270763,1.9833281,4.7104044,1380.3964,52,1064,293.05264,366.26144,2,3412249,224090.22,797088.6,1,2,0,6,18,0,0,0,3.18018,293.05264,121.09091,220,334,4,3096,207139.86,529,3577,5,994993,11,1332,8,4236,4033624,4033624.0,4033624,0.0,3412249,3412249.0,3412249,0.0,2,4194240,1145472,7,11,32,benign
0,1,0,365,0,365,-1,365,-1,365.0,0.0,0.0,0.0,0,0,-1,-1,-1,-1,0.0,0.0,0.0,0.0,0,0,0,0,20,0,0.0,0.0,0.0,0.0,365,365,365.0,0.0,-1,-1,0.0,0.0,0,0,0,0,0,0,0,0,0.0,365.0,365.0,20,0,0,0,0.0,0,0,0,0,0,0,0,0,-1,0.0,-1,0.0,-1,0.0,-1,0.0,2,0,-1,0,1,0,benign
5,3,0,156,0,52,-1,52,-1,52.0,0.0,0.70710677,0.0,5,0,2,-1,3,-1,2.5,0.0,0.70710677,0.0,0,0,0,0,60,0,600000.0,0.0,600000.0,31200000.0,52,52,52.0,0.70710677,2,3,2.5,0.70710677,1,0,0,0,3,0,0,0,0.0,52.0,52.0,60,0,0,0,0.0,0,0,0,0,0,0,0,0,-1,0.0,-1,0.0,-1,0.0,-1,0.0,4,115264,-1,0,3,32,benign
6,2,0,104,0,52,-1,52,-1,52.0,0.0,1.0,0.0,6,0,6,-1,6,-1,6.0,0.0,0.0,0.0,0,0,0,0,40,0,333333.34,0.0,333333.34,17300000.0,52,52,52.0,1.0,6,6,6.0,0.0,1,0,0,0,2,0,0,0,0.0,52.0,52.0,40,0,0,0,0.0,0,0,0,0,0,0,0,0,-1,0.0,-1,0.0,-1,0.0,-1,0.0,3,88704,-1,0,2,32,benign
0,1,0,422,0,422,-1,422,-1,422.0,0.0,0.0,0.0,0,0,-1,-1,-1,-1,0.0,0.0,0.0,0.0,0,0,0,0,20,0,0.0,0.0,0.0,0.0,422,422,422.0,0.0,-1,-1,0.0,0.0,0,0,0,0,0,0,0,0,0.0,422.0,422.0,20,0,0,0,0.0,0,0,0,0,0,0,0,0,-1,0.0,-1,0.0,-1,0.0,-1,0.0,2,0,-1,0,1,0,benign
29984,1,1,61,284,61,284,61,284,61.0,284.0,0.0,0.0,0,0,-1,-1,-1,-1,0.0,0.0,0.0,0.0,0,0,0,0,20,20,33.35112,33.35112,66.70224,11506.137,61,284,172.5,157.68164,29984,29984,29984.0,0.0,0,0,0,0,0,0,0,0,4.655738,172.5,61.0,20,0,0,0,0.0,284,0,0,0,0,0,0,0,-1,0.0,-1,0.0,-1,0.0,-1,0.0,2,0,0,0,1,0,benign
29923,1,1,71,213,71,213,71,213,71.0,213.0,0.0,0.0,0,0,-1,-1,-1,-1,0.0,0.0,0.0,0.0,0,0,0,0,20,20,33.41911,33.41911,66.83822,9491.027,71,213,142.0,100.40418,29923,29923,29923.0,0.0,0,0,0,0,0,0,0,0,3.0,142.0,71.0,20,0,0,0,0.0,213,0,0,0,0,0,0,0,-1,0.0,-1,0.0,-1,0.0,-1,0.0,2,0,0,0,1,0,benign
0,1,0,422,0,422,-1,422,-1,422.0,0.0,0.0,0.0,0,0,-1,-1,-1,-1,0.0,0.0,0.0,0.0,0,0,0,0,20,0,0.0,0.0,0.0,0.0,422,422,422.0,0.0,-1,-1,0.0,0.0,0,0,0,0,0,0,0,0,0.0,422.0,422.0,20,0,0,0,0.0,0,0,0,0,0,0,0,0,-1,0.0,-1,0.0,-1,0.0,-1,0.0,2,0,-1,0,1,0,benign
0,1,0,52,0,52,-1,52,-1,52.0,0.0,0.0,0.0,0,0,-1,-1,-1,-1,0.0,0.0,0.0,0.0,0,0,0,0,20,0,0.0,0.0,0.0,0.0,52,52,52.0,0.0,-1,-1,0.0,0.0,1,0,0,0,1,0,0,0,0.0,52.0,52.0,20,0,0,0,0.0,0,0,0,0,0,0,0,0,-1,0.0,-1,0.0,-1,0.0,-1,0.0,2,87616,-1,0,1,32,benign
23147135,12,10,4207,2343,52,52,767,898,350.58334,234.3,367.59216,278.17523,23147135,18117737,3,118967,5030254,4050968,2104285.0,2013081.9,1775285.1,1518395.5,5,4,0,0,240,200,0.51842266,0.4320189,0.9504416,282.97238,52,898,297.72726,327.80316,3,4917386,1102244.5,1601286.6,1,2,0,9,21,0,0,0,0.55692893,297.72726,350.58334,240,0,0,0,77381.45,234,0,0,0,2,701,1,390,2142188,3857855.8,6144998,1566583.9,2132375,3404641.0,4917386,1080788.2,2,4194240,1853440,6,12,32,asware
22330007,2,0,104,0,52,-1,52,-1,52.0,0.0,1.0,0.0,22330007,0,22330007,-1,22330007,-1,22300000.0,0.0,0.0,0.0,0,0,0,0,40,0,0.08956558,0.0,0.08956558,4.65741,52,52,52.0,1.0,22330007,22330007,22300000.0,0.0,2,0,0,0,2,0,0,0,0.0,52.0,52.0,40,0,0,0,0.0,0,0,0,0,2,104,0,0,22330007,22300000.0,22330007,0.0,22330007,22300000.0,22330007,0.0,3,88704,-1,0,2,32,asware
0,1,0,408,0,408,-1,408,-1,408.0,0.0,0.0,0.0,0,0,-1,-1,-1,-1,0.0,0.0,0.0,0.0,0,0,0,0,20,0,0.0,0.0,0.0,0.0,408,408,408.0,0.0,-1,-1,0.0,0.0,0,0,0,0,0,0,0,0,0.0,408.0,408.0,20,0,0,0,0.0,0,0,0,0,0,0,0,0,-1,0.0,-1,0.0,-1,0.0,-1,0.0,2,0,-1,0,1,0,benign
1899,1,1,52,52,52,52,52,52,52.0,52.0,0.0,0.0,0,0,-1,-1,-1,-1,0.0,0.0,0.0,0.0,0,0,0,0,20,20,526.59296,526.59296,1053.1859,54765.668,52,52,52.0,1.0,1899,1899,1899.0,0.0,1,0,0,0,2,0,0,0,1.0,52.0,52.0,20,0,0,0,0.0,52,0,0,0,0,0,0,0,-1,0.0,-1,0.0,-1,0.0,-1,0.0,2,64064,88704,1,1,32,asware
9100021,2,1,216,108,108,108,108,108,108.0,108.0,1.0,0.0,5018998,0,5018998,-1,5018998,-1,5018998.0,0.0,0.0,0.0,0,0,0,0,40,20,0.21977971,0.10988986,0.32966956,35.604313,108,108,108.0,0.70710677,4081023,5018998,4550010.5,663248.5,0,0,0,0,0,0,0,0,0.5,108.0,108.0,40,0,0,0,0.0,108,0,0,0,1,108,0,54,4081023,4550010.5,5018998,663248.5,4081023,4550010.5,5018998,663248.5,3,0,0,0,2,0,benign
0,1,0,356,0,356,-1,356,-1,356.0,0.0,0.0,0.0,0,0,-1,-1,-1,-1,0.0,0.0,0.0,0.0,0,0,0,0,20,0,0.0,0.0,0.0,0.0,356,356,356.0,0.0,-1,-1,0.0,0.0,0,0,0,0,0,0,0,0,0.0,356.0,356.0,20,0,0,0,0.0,0,0,0,0,0,0,0,0,-1,0.0,-1,0.0,-1,0.0,-1,0.0,2,0,-1,0,1,0,benign
0,1,0,422,0,422,-1,422,-1,422.0,0.0,0.0,0.0,0,0,-1,-1,-1,-1,0.0,0.0,0.0,0.0,0,0,0,0,20,0,0.0,0.0,0.0,0.0,422,422,422.0,0.0,-1,-1,0.0,0.0,0,0,0,0,0,0,0,0,0.0,422.0,422.0,20,0,0,0,0.0,0,0,0,0,0,0,0,0,-1,0.0,-1,0.0,-1,0.0,-1,0.0,2,0,-1,0,1,0,benign
13,2,0,135,0,52,-1,83,-1,67.5,0.0,21.897488,0.0,13,0,13,-1,13,-1,13.0,0.0,0.0,0.0,1,0,0,0,40,0,153846.16,0.0,153846.16,10400000.0,52,83,67.5,21.897488,13,13,13.0,0.0,1,0,0,1,2,0,0,0,0.0,67.5,67.5,40,0,0,0,0.0,0,0,0,0,0,0,0,0,-1,0.0,-1,0.0,-1,0.0,-1,0.0,3,62912,-1,0,2,32,benign
30802007,2,0,104,0,52,-1,52,-1,52.0,0.0,1.0,0.0,30802007,0,30802007,-1,30802007,-1,30800000.0,0.0,0.0,0.0,0,0,0,0,40,0,0.064930834,0.0,0.064930834,3.3764033,52,52,52.0,1.0,30802007,30802007,30800000.0,0.0,2,0,0,0,2,0,0,0,0.0,52.0,52.0,40,0,0,0,0.0,0,0,0,0,2,104,0,0,30802007,30800000.0,30802007,0.0,30802007,30800000.0,30802007,0.0,3,88704,-1,0,2,32,benign
0,1,0,52,0,52,-1,52,-1,52.0,0.0,0.0,0.0,0,0,-1,-1,-1,-1,0.0,0.0,0.0,0.0,0,0,0,0,20,0,0.0,0.0,0.0,0.0,52,52,52.0,0.0,-1,-1,0.0,0.0,0,0,0,0,1,0,0,0,0.0,52.0,52.0,20,0,0,0,0.0,0,0,0,0,0,0,0,0,-1,0.0,-1,0.0,-1,0.0,-1,0.0,2,7808,-1,0,1,32,benign
0,1,0,422,0,422,-1,422,-1,422.0,0.0,0.0,0.0,0,0,-1,-1,-1,-1,0.0,0.0,0.0,0.0,0,0,0,0,20,0,0.0,0.0,0.0,0.0,422,422,422.0,0.0,-1,-1,0.0,0.0,0,0,0,0,0,0,0,0,0.0,422.0,422.0,20,0,0,0,0.0,0,0,0,0,0,0,0,0,-1,0.0,-1,0.0,-1,0.0,-1,0.0,2,0,-1,0,1,0,benign
0,0,1,0,83,-1,83,-1,83,0.0,83.0,0.0,0.0,0,0,-1,-1,-1,-1,0.0,0.0,0.0,0.0,0,1,0,0,0,20,0.0,0.0,0.0,0.0,83,83,83.0,0.0,-1,-1,0.0,0.0,0,0,0,1,1,0,0,0,0.0,83.0,0.0,0,0,0,0,0.0,83,0,0,0,0,0,0,0,-1,0.0,-1,0.0,-1,0.0,-1,0.0,2,-1,89792,1,0,0,benign
12,0,2,0,167,-1,52,-1,115,0.0,83.5,0.0,44.536503,0,12,-1,12,-1,12,0.0,12.0,0.0,0.0,0,1,0,0,0,40,0.0,166666.67,166666.67,13900000.0,52,115,83.5,44.536503,12,12,12.0,0.0,1,0,0,1,2,0,0,0,0.0,83.5,0.0,0,0,0,0,1983.5,83,0,0,0,0,0,0,0,-1,0.0,-1,0.0,-1,0.0,-1,0.0,3,-1,18176,2,0,0,benign
0,1,0,422,0,422,-1,422,-1,422.0,0.0,0.0,0.0,0,0,-1,-1,-1,-1,0.0,0.0,0.0,0.0,0,0,0,0,20,0,0.0,0.0,0.0,0.0,422,422,422.0,0.0,-1,-1,0.0,0.0,0,0,0,0,0,0,0,0,0.0,422.0,422.0,20,0,0,0,0.0,0,0,0,0,0,0,0,0,-1,0.0,-1,0.0,-1,0.0,-1,0.0,2,0,-1,0,1,0,benign
65915811,4,4,495,1416,52,52,331,1252,123.75,354.0,138.21692,598.6783,924125,65654544,3,1540,653625,64999502,308041.66,21900000.0,328424.47,37300000.0,1,1,0,0,80,80,0.060683466,0.060683466,0.12136693,28.991528,52,1252,238.875,420.64404,3,64991686,9416544.0,24500000.0,1,2,0,2,7,0,0,0,2.860606,238.875,123.75,80,0,0,0,358415.66,354,0,0,0,4,495,4,1416,65915811,65900000.0,65915811,0.0,64991686,65000000.0,64991686,0.0,2,4194240,926720,3,4,32,asware
2433,1,1,74,90,74,90,74,90,74.0,90.0,0.0,0.0,0,0,-1,-1,-1,-1,0.0,0.0,0.0,0.0,0,0,0,0,20,20,411.0152,411.0152,822.0304,67406.49,74,90,82.0,11.269427,2433,2433,2433.0,0.0,0,0,0,0,0,0,0,0,1.2162162,82.0,74.0,20,0,0,0,0.0,90,0,0,0,0,0,0,0,-1,0.0,-1,0.0,-1,0.0,-1,0.0,2,0,0,0,1,0,benign
0,1,0,52,0,52,-1,52,-1,52.0,0.0,0.0,0.0,0,0,-1,-1,-1,-1,0.0,0.0,0.0,0.0,0,0,0,0,20,0,0.0,0.0,0.0,0.0,52,52,52.0,0.0,-1,-1,0.0,0.0,1,0,0,0,1,0,0,0,0.0,52.0,52.0,20,0,0,0,0.0,0,0,0,0,0,0,0,0,-1,0.0,-1,0.0,-1,0.0,-1,0.0,2,88704,-1,0,1,32,asware
59978462,4,3,1430,436,52,52,1078,307,357.5,145.33333,489.1387,140.56256,59975760,59972411,4,357,59866264,59972054,20000000.0,30000000.0,34500000.0,42400000.0,2,2,0,0,80,60,0.06669061,0.050017957,0.11670856,31.111168,52,1078,266.57144,372.92865,4,59866264,9996410.0,24400000.0,0,0,0,4,7,0,0,0,0.3048951,266.57144,357.5,80,0,0,0,19757.834,145,0,0,0,4,1430,3,436,59868966,59900000.0,59868966,0.0,59866264,59900000.0,59866264,0.0,2,262336,32768,2,4,32,benign
0,1,0,40,0,40,-1,40,-1,40.0,0.0,0.0,0.0,0,0,-1,-1,-1,-1,0.0,0.0,0.0,0.0,0,0,0,0,20,0,0.0,0.0,0.0,0.0,40,40,40.0,0.0,-1,-1,0.0,0.0,0,0,0,0,1,0,0,0,0.0,40.0,40.0,20,0,0,0,0.0,0,0,0,0,0,0,0,0,-1,0.0,-1,0.0,-1,0.0,-1,0.0,2,1023872,-1,0,1,20,benign
60126,6,4,1881,515,52,52,1003,351,313.5,128.75,416.23804,148.21353,60126,35110,2,464,33749,26811,12025.2,11703.333,16192.152,13592.796,2,1,0,0,120,80,99.79044,66.52696,166.3174,39849.65,52,1003,239.6,335.67368,2,23635,6680.6665,9780.641,1,2,0,3,9,0,0,0,0.27379054,239.6,313.5,120,0,0,0,21967.25,128,0,0,0,0,0,0,0,-1,0.0,-1,0.0,-1,0.0,-1,0.0,2,4194240,1853440,2,6,32,benign
0,1,0,356,0,356,-1,356,-1,356.0,0.0,0.0,0.0,0,0,-1,-1,-1,-1,0.0,0.0,0.0,0.0,0,0,0,0,20,0,0.0,0.0,0.0,0.0,356,356,356.0,0.0,-1,-1,0.0,0.0,0,0,0,0,0,0,0,0,0.0,356.0,356.0,20,0,0,0,0.0,0,0,0,0,0,0,0,0,-1,0.0,-1,0.0,-1,0.0,-1,0.0,2,0,-1,0,1,0,benign
2809877,2,0,104,0,52,-1,52,-1,52.0,0.0,1.0,0.0,2809877,0,2809877,-1,2809877,-1,2809877.0,0.0,0.0,0.0,0,0,0,0,40,0,0.71177495,0.0,0.71177495,37.012295,52,52,52.0,1.0,2809877,2809877,2809877.0,0.0,2,0,0,0,2,0,0,0,0.0,52.0,52.0,40,0,0,0,0.0,0,0,0,0,2,104,0,0,2809877,2809877.0,2809877,0.0,2809877,2809877.0,2809877,0.0,3,119872,-1,0,2,32,asware
173236,1,1,64,212,64,212,64,212,64.0,212.0,0.0,0.0,0,0,-1,-1,-1,-1,0.0,0.0,0.0,0.0,0,0,0,0,20,20,5.7724724,5.7724724,11.544945,1593.2024,64,212,138.0,104.647026,173236,173236,173236.0,0.0,0,0,0,0,0,0,0,0,3.3125,138.0,64.0,20,0,0,0,0.0,212,0,0,0,0,0,0,0,-1,0.0,-1,0.0,-1,0.0,-1,0.0,2,0,0,0,1,0,benign
120229630,4,4,415,723,52,52,251,559,103.75,180.75,98.23738,252.1942,232497,120117940,2,4904,118373,120000540,77499.0,40000000.0,67148.016,69200000.0,1,1,0,0,80,80,0.03326967,0.03326967,0.06653934,9.46522,52,559,142.25,181.90128,2,119997133,17200000.0,45300000.0,1,2,0,2,7,0,0,0,1.7421687,142.25,103.75,80,0,0,0,63601.918,180,0,0,0,4,415,4,723,120229630,120000000.0,120229630,0.0,119997133,120000000.0,119997133,0.0,2,4194240,1853440,3,4,32,benign
0,1,0,52,0,52,-1,52,-1,52.0,0.0,0.0,0.0,0,0,-1,-1,-1,-1,0.0,0.0,0.0,0.0,0,0,0,0,20,0,0.0,0.0,0.0,0.0,52,52,52.0,0.0,-1,-1,0.0,0.0,0,0,0,0,1,0,0,0,0.0,52.0,52.0,20,0,0,0,0.0,0,0,0,0,0,0,0,0,-1,0.0,-1,0.0,-1,0.0,-1,0.0,2,522880,-1,0,1,32,asware
240234735,10,11,2310,5325,52,52,1390,1390,231.0,484.0909,413.34503,530.1579,233502,240194200,3,80,76001,240006876,25944.666,24000000.0,27978.65,75900000.0,3,5,0,0,200,220,0.041625954,0.04578855,0.0874145,31.781416,52,1390,363.57144,483.93637,3,240001233,12000000.0,53700000.0,1,2,0,8,20,0,0,0,2.3051949,363.57144,231.0,200,334,4,16391,281067.4,484,2449,4,150998,10,2310,11,5325,240234735,240000000.0,240234735,0.0,240001233,240000000.0,240001233,0.0,2,4194240,2722560,9,10,32,benign
59955721,4,3,1430,436,52,52,1078,307,357.5,145.33333,489.1387,140.56256,59906384,59950255,5,43623,59797641,59906632,20000000.0,30000000.0,34500000.0,42300000.0,2,2,0,0,80,60,0.0667159,0.050036926,0.116752826,31.122969,52,1078,266.57144,372.92865,5,59797641,9992620.0,24400000.0,0,0,0,4,7,0,0,0,0.3048951,266.57144,357.5,80,0,0,0,19757.834,145,0,0,0,4,1430,3,436,59846978,59800000.0,59846978,0.0,59797641,59800000.0,59797641,0.0,3,262336,32512,2,4,32,benign
19710748,2,0,104,0,52,-1,52,-1,52.0,0.0,1.0,0.0,19710748,0,19710748,-1,19710748,-1,19700000.0,0.0,0.0,0.0,0,0,0,0,40,0,0.10146748,0.0,0.10146748,5.276309,52,52,52.0,1.0,19710748,19710748,19700000.0,0.0,2,0,0,0,2,0,0,0,0.0,52.0,52.0,40,0,0,0,0.0,0,0,0,0,2,104,0,0,19710748,19700000.0,19710748,0.0,19710748,19700000.0,19710748,0.0,3,90496,-1,0,2,32,asware
396,0,2,0,135,-1,52,-1,83,0.0,67.5,0.0,21.897488,0,396,-1,396,-1,396,0.0,396.0,0.0,0.0,0,1,0,0,0,40,0.0,5050.505,5050.505,340909.1,52,83,67.5,21.897488,396,396,396.0,0.0,1,0,0,1,2,0,0,0,0.0,67.5,0.0,0,0,0,0,479.5,67,0,0,0,0,0,0,0,-1,0.0,-1,0.0,-1,0.0,-1,0.0,3,-1,4992,2,0,0,benign
380,2,0,427,0,52,-1,375,-1,213.5,0.0,228.3933,0.0,380,0,380,-1,380,-1,380.0,0.0,0.0,0.0,1,0,0,0,40,0,5263.1577,0.0,5263.1577,1123684.2,52,375,213.5,228.3933,380,380,380.0,0.0,1,0,0,1,2,0,0,0,0.0,213.5,213.5,40,0,0,0,0.0,0,0,0,0,0,0,0,0,-1,0.0,-1,0.0,-1,0.0,-1,0.0,3,17344,-1,0,2,32,asware
33473,1,1,52,52,52,52,52,52,52.0,52.0,0.0,0.0,0,0,-1,-1,-1,-1,0.0,0.0,0.0,0.0,0,0,0,0,20,20,29.874825,29.874825,59.74965,3106.9817,52,52,52.0,1.0,33473,33473,33473.0,0.0,1,0,0,0,2,0,0,0,1.0,52.0,52.0,20,0,0,0,0.0,52,0,0,0,0,0,0,0,-1,0.0,-1,0.0,-1,0.0,-1,0.0,2,87616,10240,1,1,32,benign
3038,2,0,104,0,52,-1,52,-1,52.0,0.0,1.0,0.0,3038,0,3038,-1,3038,-1,3038.0,0.0,0.0,0.0,0,0,0,0,40,0,658.3278,0.0,658.3278,34233.047,52,52,52.0,1.0,3038,3038,3038.0,0.0,1,0,0,0,2,0,0,0,0.0,52.0,52.0,40,0,0,0,0.0,0,0,0,0,0,0,0,0,-1,0.0,-1,0.0,-1,0.0,-1,0.0,3,167936,-1,0,2,32,benign
1668007,3,0,156,0,52,-1,52,-1,52.0,0.0,0.70710677,0.0,1668007,0,37750,-1,1630257,-1,834003.5,0.0,1126072.5,0.0,0,0,0,0,60,0,1.7985536,0.0,1.7985536,93.52479,52,52,52.0,0.70710677,37750,1630257,834003.5,1126072.5,1,0,0,0,3,0,0,0,0.0,52.0,52.0,60,0,0,0,0.0,0,0,0,0,3,156,0,0,1668007,1668007.0,1668007,0.0,1630257,1630257.0,1630257,0.0,4,190784,-1,0,3,32,asware
0,1,0,408,0,408,-1,408,-1,408.0,0.0,0.0,0.0,0,0,-1,-1,-1,-1,0.0,0.0,0.0,0.0,0,0,0,0,20,0,0.0,0.0,0.0,0.0,408,408,408.0,0.0,-1,-1,0.0,0.0,0,0,0,0,0,0,0,0,0.0,408.0,408.0,20,0,0,0,0.0,0,0,0,0,0,0,0,0,-1,0.0,-1,0.0,-1,0.0,-1,0.0,2,0,-1,0,1,0,benign
58795839,9,7,474,370,52,52,54,54,52.666668,52.857143,0.9354144,0.9880235,50943258,58535569,268747,7856234,10583502,10680804,6367907.0,9755928.0,4966817.5,999053.25,3,3,0,0,180,140,0.15307206,0.119056046,0.2721281,14.354757,52,54,52.75,0.9660918,3653,10260409,3919722.5,4752696.5,1,0,0,6,16,0,0,0,0.7805907,52.75,52.666668,180,0,0,0,0.97619045,52,0,0,0,1,79,1,61,7856234,9799306.0,10941099,1127800.0,7852581,9500016.0,10260409,964109.8,2,87616,7808,7,9,32,asware
13,0,2,0,135,-1,52,-1,83,0.0,67.5,0.0,21.897488,0,13,-1,13,-1,13,0.0,13.0,0.0,0.0,0,1,0,0,0,40,0.0,153846.16,153846.16,10400000.0,52,83,67.5,21.897488,13,13,13.0,0.0,1,0,0,1,2,0,0,0,0.0,67.5,0.0,0,0,0,0,479.5,67,0,0,0,0,0,0,0,-1,0.0,-1,0.0,-1,0.0,-1,0.0,3,-1,2048,2,0,0,benign
281030,1,1,65,97,65,97,65,97,65.0,97.0,0.0,0.0,0,0,-1,-1,-1,-1,0.0,0.0,0.0,0.0,0,0,0,0,20,20,3.5583389,3.5583389,7.1166778,576.4509,65,97,81.0,22.605309,281030,281030,281030.0,0.0,0,0,0,0,0,0,0,0,1.4923077,81.0,65.0,20,0,0,0,0.0,97,0,0,0,0,0,0,0,-1,0.0,-1,0.0,-1,0.0,-1,0.0,2,0,0,0,1,0,benign
0,1,0,356,0,356,-1,356,-1,356.0,0.0,0.0,0.0,0,0,-1,-1,-1,-1,0.0,0.0,0.0,0.0,0,0,0,0,20,0,0.0,0.0,0.0,0.0,356,356,356.0,0.0,-1,-1,0.0,0.0,0,0,0,0,0,0,0,0,0.0,356.0,356.0,20,0,0,0,0.0,0,0,0,0,0,0,0,0,-1,0.0,-1,0.0,-1,0.0,-1,0.0,2,0,-1,0,1,0,benign
0,1,0,365,0,365,-1,365,-1,365.0,0.0,0.0,0.0,0,0,-1,-1,-1,-1,0.0,0.0,0.0,0.0,0,0,0,0,20,0,0.0,0.0,0.0,0.0,365,365,365.0,0.0,-1,-1,0.0,0.0,0,0,0,0,0,0,0,0,0.0,365.0,365.0,20,0,0,0,0.0,0,0,0,0,0,0,0,0,-1,0.0,-1,0.0,-1,0.0,-1,0.0,2,0,-1,0,1,0,benign
264984048,2,0,104,0,52,-1,52,-1,52.0,0.0,1.0,0.0,264984048,0,264984048,-1,264984048,-1,265000000.0,0.0,0.0,0.0,0,0,0,0,40,0,0.007547624,0.0,0.007547624,0.39247647,52,52,52.0,1.0,264984048,264984048,265000000.0,0.0,1,0,0,0,2,0,0,0,0.0,52.0,52.0,40,0,0,0,0.0,0,0,0,0,2,104,0,0,264984048,265000000.0,264984048,0.0,264984048,265000000.0,264984048,0.0,3,87616,-1,0,2,32,benign
29485385,2,0,842,0,421,-1,421,-1,421.0,0.0,1.0,0.0,29485385,0,29485385,-1,29485385,-1,29500000.0,0.0,0.0,0.0,2,0,0,0,40,0,0.06783021,0.0,0.06783021,28.55652,421,421,421.0,1.0,29485385,29485385,29500000.0,0.0,2,0,0,2,2,0,0,0,0.0,421.0,421.0,40,0,0,0,0.0,0,0,0,0,2,842,0,0,29485385,29500000.0,29485385,0.0,29485385,29500000.0,29485385,0.0,3,89472,-1,0,2,32,asware
74820,3,4,427,417,52,52,315,253,142.33333,104.25,149.58554,99.23667,38748,40598,2748,20,36000,40234,19374.0,13532.667,23512.715,23124.6,1,1,0,0,60,80,40.09623,53.46164,93.55787,11280.406,52,315,120.57143,113.12435,20,35708,12470.0,17458.709,1,2,0,2,6,0,0,0,0.9765808,120.57143,142.33333,60,0,0,0,9847.917,104,0,0,0,0,0,0,0,-1,0.0,-1,0.0,-1,0.0,-1,0.0,2,4194240,926720,3,3,32,benign
0,1,0,365,0,365,-1,365,-1,365.0,0.0,0.0,0.0,0,0,-1,-1,-1,-1,0.0,0.0,0.0,0.0,0,0,0,0,20,0,0.0,0.0,0.0,0.0,365,365,365.0,0.0,-1,-1,0.0,0.0,0,0,0,0,0,0,0,0,0.0,365.0,365.0,20,0,0,0,0.0,0,0,0,0,0,0,0,0,-1,0.0,-1,0.0,-1,0.0,-1,0.0,2,0,-1,0,1,0,benign
49520257,2,0,104,0,52,-1,52,-1,52.0,0.0,1.0,0.0,49520257,0,49520257,-1,49520257,-1,49500000.0,0.0,0.0,0.0,0,0,0,0,40,0,0.04038751,0.0,0.04038751,2.1001506,52,52,52.0,1.0,49520257,49520257,49500000.0,0.0,2,0,0,0,2,0,0,0,0.0,52.0,52.0,40,0,0,0,0.0,0,0,0,0,2,104,0,0,49520257,49500000.0,49520257,0.0,49520257,49500000.0,49520257,0.0,3,88704,-1,0,2,32,asware
480626,2,0,104,0,52,-1,52,-1,52.0,0.0,1.0,0.0,480626,0,480626,-1,480626,-1,480626.0,0.0,0.0,0.0,0,0,0,0,40,0,4.1612396,0.0,4.1612396,216.38446,52,52,52.0,1.0,480626,480626,480626.0,0.0,2,0,0,0,2,0,0,0,0.0,52.0,52.0,40,0,0,0,0.0,0,0,0,0,0,0,0,0,-1,0.0,-1,0.0,-1,0.0,-1,0.0,3,130624,-1,0,2,32,asware
0,1,0,83,0,83,-1,83,-1,83.0,0.0,0.0,0.0,0,0,-1,-1,-1,-1,0.0,0.0,0.0,0.0,1,0,0,0,20,0,0.0,0.0,0.0,0.0,83,83,83.0,0.0,-1,-1,0.0,0.0,0,0,0,1,1,0,0,0,0.0,83.0,83.0,20,0,0,0,0.0,0,0,0,0,0,0,0,0,-1,0.0,-1,0.0,-1,0.0,-1,0.0,2,112128,-1,0,1,32,asware
528,1,1,64,378,64,378,64,378,64.0,378.0,0.0,0.0,0,0,-1,-1,-1,-1,0.0,0.0,0.0,0.0,0,0,0,0,20,20,1893.9395,1893.9395,3787.879,837121.2,64,378,221.0,222.02928,528,528,528.0,0.0,0,0,0,0,0,0,0,0,5.90625,221.0,64.0,20,0,0,0,0.0,378,0,0,0,0,0,0,0,-1,0.0,-1,0.0,-1,0.0,-1,0.0,2,0,0,0,1,0,benign
0,1,0,420,0,420,-1,420,-1,420.0,0.0,0.0,0.0,0,0,-1,-1,-1,-1,0.0,0.0,0.0,0.0,0,0,0,0,20,0,0.0,0.0,0.0,0.0,420,420,420.0,0.0,-1,-1,0.0,0.0,0,0,0,0,0,0,0,0,0.0,420.0,420.0,20,0,0,0,0.0,0,0,0,0,0,0,0,0,-1,0.0,-1,0.0,-1,0.0,-1,0.0,2,0,-1,0,1,0,benign
0,1,0,52,0,52,-1,52,-1,52.0,0.0,0.0,0.0,0,0,-1,-1,-1,-1,0.0,0.0,0.0,0.0,0,0,0,0,20,0,0.0,0.0,0.0,0.0,52,52,52.0,0.0,-1,-1,0.0,0.0,0,0,0,0,1,0,0,0,0.0,52.0,52.0,20,0,0,0,0.0,0,0,0,0,0,0,0,0,-1,0.0,-1,0.0,-1,0.0,-1,0.0,2,7808,-1,0,1,32,benign
237,0,2,0,159,-1,52,-1,107,0.0,79.5,0.0,38.878014,0,237,-1,237,-1,237,0.0,237.0,0.0,0.0,0,1,0,0,0,40,0.0,8438.818,8438.818,670886.06,52,107,79.5,38.878014,237,237,237.0,0.0,1,0,0,1,2,0,0,0,0.0,79.5,0.0,0,0,0,0,1511.5,79,0,0,0,0,0,0,0,-1,0.0,-1,0.0,-1,0.0,-1,0.0,3,-1,15040,2,0,0,benign
74735,3,3,268,164,52,52,156,60,89.333336,54.666668,57.869106,4.5643544,41118,39175,3501,12,37617,39163,20559.0,19587.5,24123.654,27683.938,1,0,0,0,60,60,40.141834,40.141834,80.28367,5780.4243,52,156,72.0,41.335217,12,35560,14947.0,17980.781,1,2,0,1,5,0,0,0,0.6119403,72.0,89.333336,60,0,0,0,20.833334,54,0,0,0,0,0,0,0,-1,0.0,-1,0.0,-1,0.0,-1,0.0,2,4194240,1718208,2,3,32,benign
2860,1,1,52,52,52,52,52,52,52.0,52.0,0.0,0.0,0,0,-1,-1,-1,-1,0.0,0.0,0.0,0.0,0,0,0,0,20,20,349.65036,349.65036,699.3007,36363.637,52,52,52.0,1.0,2860,2860,2860.0,0.0,1,0,0,0,2,0,0,0,1.0,52.0,52.0,20,0,0,0,0.0,52,0,0,0,0,0,0,0,-1,0.0,-1,0.0,-1,0.0,-1,0.0,2,15552,98752,1,1,32,benign
0,1,0,436,0,436,-1,436,-1,436.0,0.0,0.0,0.0,0,0,-1,-1,-1,-1,0.0,0.0,0.0,0.0,0,0,0,0,20,0,0.0,0.0,0.0,0.0,436,436,436.0,0.0,-1,-1,0.0,0.0,0,0,0,0,0,0,0,0,0.0,436.0,436.0,20,0,0,0,0.0,0,0,0,0,0,0,0,0,-1,0.0,-1,0.0,-1,0.0,-1,0.0,2,0,-1,0,1,0,benign
878400,1,1,52,52,52,52,52,52,52.0,52.0,0.0,0.0,0,0,-1,-1,-1,-1,0.0,0.0,0.0,0.0,0,0,0,0,20,20,1.1384335,1.1384335,2.276867,118.39709,52,52,52.0,1.0,878400,878400,878400.0,0.0,0,0,0,0,2,0,0,0,1.0,52.0,52.0,20,0,0,0,0.0,52,0,0,0,0,0,0,0,-1,0.0,-1,0.0,-1,0.0,-1,0.0,2,3269376,522880,1,1,32,benign
33599,1,1,52,52,52,52,52,52,52.0,52.0,0.0,0.0,0,0,-1,-1,-1,-1,0.0,0.0,0.0,0.0,0,0,0,0,20,20,29.76279,29.76279,59.52558,3095.3303,52,52,52.0,1.0,33599,33599,33599.0,0.0,1,0,0,0,2,0,0,0,1.0,52.0,52.0,20,0,0,0,0.0,52,0,0,0,0,0,0,0,-1,0.0,-1,0.0,-1,0.0,-1,0.0,2,87616,10240,1,1,32,benign
258269,1,1,40,40,40,40,40,40,40.0,40.0,0.0,0.0,0,0,-1,-1,-1,-1,0.0,0.0,0.0,0.0,0,0,0,0,20,20,3.871932,3.871932,7.743864,309.75455,40,40,40.0,1.0,258269,258269,258269.0,0.0,0,0,0,0,2,0,0,0,1.0,40.0,40.0,20,0,0,0,0.0,40,0,0,0,0,0,0,0,-1,0.0,-1,0.0,-1,0.0,-1,0.0,2,4194240,724224,1,1,20,asware
1663751,12,9,1955,3466,52,52,633,1064,162.91667,385.1111,181.46974,424.4196,1663751,1626338,2,149,1117251,1157335,151250.1,203292.25,324724.9,394498.1,5,4,0,0,240,180,7.212618,5.4094634,12.622081,3258.3,52,1064,258.14285,320.71838,2,1117251,83187.55,247774.66,0,2,0,9,20,0,0,0,1.77289,258.14285,162.91667,240,0,0,0,180131.98,385,2809,4,3107300,12,1955,9,3466,1350751,1350751.0,1350751,0.0,1117251,1117251.0,1117251,0.0,2,4194240,1145472,7,12,32,benign
9771,3,0,525,0,52,-1,421,-1,175.0,0.0,213.04108,0.0,9771,0,15,-1,9756,-1,4885.5,0.0,6887.9272,0.0,1,0,0,0,60,0,307.031,0.0,307.031,53730.426,52,421,175.0,213.04108,15,9756,4885.5,6887.9272,1,0,0,1,3,0,0,0,0.0,175.0,175.0,60,0,0,0,0.0,0,0,0,0,0,0,0,0,-1,0.0,-1,0.0,-1,0.0,-1,0.0,4,5696,-1,0,3,32,asware
1975,1,1,52,52,52,52,52,52,52.0,52.0,0.0,0.0,0,0,-1,-1,-1,-1,0.0,0.0,0.0,0.0,0,0,0,0,20,20,506.3291,506.3291,1012.6582,52658.227,52,52,52.0,1.0,1975,1975,1975.0,0.0,1,0,0,0,2,0,0,0,1.0,52.0,52.0,20,0,0,0,0.0,52,0,0,0,0,0,0,0,-1,0.0,-1,0.0,-1,0.0,-1,0.0,2,2880,88832,1,1,32,asware
48085883,13,10,2367,3684,52,52,1390,1390,182.07692,368.4,375.20795,410.94977,48085883,57807,2,8,47989128,38810,4007157.0,6423.0,13900000.0,13493.214,1,7,0,0,260,200,0.27034962,0.20796125,0.47831085,125.83735,52,1390,263.08694,393.44128,2,47989128,2185722.0,10200000.0,1,2,0,8,22,0,0,0,1.5564005,263.08694,182.07692,260,416,8,166001,168879.72,368,3624,9,190766,13,2367,10,3684,48085883,48100000.0,48085883,0.0,47989128,48000000.0,47989128,0.0,2,4194240,1145472,9,13,32,asware
0,1,0,420,0,420,-1,420,-1,420.0,0.0,0.0,0.0,0,0,-1,-1,-1,-1,0.0,0.0,0.0,0.0,0,0,0,0,20,0,0.0,0.0,0.0,0.0,420,420,420.0,0.0,-1,-1,0.0,0.0,0,0,0,0,0,0,0,0,0.0,420.0,420.0,20,0,0,0,0.0,0,0,0,0,0,0,0,0,-1,0.0,-1,0.0,-1,0.0,-1,0.0,2,0,-1,0,1,0,benign
78742,3,2,1068,719,52,52,586,667,356.0,359.5,274.5824,434.8695,78742,23948,5,23948,78737,23948,39371.0,23948.0,55671.93,0.0,2,1,0,0,60,40,38.09911,25.399406,63.498512,22694.37,52,667,357.4,291.5125,5,52777,19685.5,24582.453,0,0,0,3,5,0,0,0,0.673221,357.4,356.0,60,0,0,0,189111.5,359,0,0,0,0,0,0,0,-1,0.0,-1,0.0,-1,0.0,-1,0.0,3,101440,4864,1,3,32,benign
0,1,0,365,0,365,-1,365,-1,365.0,0.0,0.0,0.0,0,0,-1,-1,-1,-1,0.0,0.0,0.0,0.0,0,0,0,0,20,0,0.0,0.0,0.0,0.0,365,365,365.0,0.0,-1,-1,0.0,0.0,0,0,0,0,0,0,0,0,0.0,365.0,365.0,20,0,0,0,0.0,0,0,0,0,0,0,0,0,-1,0.0,-1,0.0,-1,0.0,-1,0.0,2,0,-1,0,1,0,benign
3414,1,1,52,52,52,52,52,52,52.0,52.0,0.0,0.0,0,0,-1,-1,-1,-1,0.0,0.0,0.0,0.0,0,0,0,0,20,20,292.91153,292.91153,585.82306,30462.8,52,52,52.0,1.0,3414,3414,3414.0,0.0,1,0,0,0,2,0,0,0,1.0,52.0,52.0,20,0,0,0,0.0,52,0,0,0,0,0,0,0,-1,0.0,-1,0.0,-1,0.0,-1,0.0,2,60096,101888,1,1,32,benign
240225603,8,9,1567,1373,52,52,887,475,195.875,152.55556,292.85245,148.53586,256623,240197319,2,89,73746,240003048,36660.43,30000000.0,28773.041,84800000.0,3,4,0,0,160,180,0.033302028,0.037464783,0.070766814,12.238496,52,887,172.94118,221.47093,2,239968980,15000000.0,60000000.0,1,2,0,7,16,0,0,0,0.87619656,172.94118,195.875,160,0,0,0,22062.902,152,962,4,26885,8,1567,9,1373,240225603,240000000.0,240225603,0.0,239968980,240000000.0,239968980,0.0,2,4194240,2722560,6,8,32,benign
64459635,10,10,845,10031,52,52,369,1390,84.5,1003.1,99.99416,624.0217,64459635,32806,2,8,64381010,29898,7162181.5,3645.111,21500000.0,9852.374,1,1,0,0,200,200,0.15513584,0.15513584,0.31027168,168.72574,52,1390,543.8,641.2877,2,64381010,3392612.2,14800000.0,1,2,0,2,19,0,0,0,11.871006,543.8,84.5,200,312,6,311688,389403.1,1003,9971,9,3428817,10,845,10,10031,64459635,64500000.0,64459635,0.0,64381010,64400000.0,64381010,0.0,2,4194240,1853440,9,10,32,asware
60685163,44,84,1998,105485,40,40,246,1320,45.409092,1255.7738,31.137966,253.95023,1569375,60422016,1,1,337626,59156103,36497.094,727976.1,94959.766,6491812.0,1,4,0,0,880,1680,0.72505367,1.3841934,2.109247,1771.1578,40,1320,839.71094,612.82745,1,59115788,477835.94,5244791.0,1,2,0,5,127,0,0,0,52.795296,839.71094,45.409092,880,373,9,37158,64490.72,1255,22781,17,1334260,44,1998,84,105485,60685163,60700000.0,60685163,0.0,59115788,59100000.0,59115788,0.0,2,4194240,524288,82,44,20,asware
123124,2,1,140,86,52,86,88,86,70.0,86.0,25.436195,0.0,123124,0,123124,-1,123124,-1,123124.0,0.0,0.0,0.0,1,1,0,0,40,20,16.243786,8.121893,24.36568,1835.5479,52,88,75.333336,20.219627,41902,81222,61562.0,27803.44,0,0,0,2,3,0,0,0,0.6142857,75.333336,70.0,40,0,0,0,0.0,86,0,0,0,0,0,0,0,-1,0.0,-1,0.0,-1,0.0,-1,0.0,2,88704,22336,1,2,32,benign
2,2,0,80,0,40,-1,40,-1,40.0,0.0,1.0,0.0,2,0,2,-1,2,-1,2.0,0.0,0.0,0.0,0,0,0,0,40,0,1000000.0,0.0,1000000.0,40000000.0,40,40,40.0,1.0,2,2,2.0,0.0,0,0,2,0,0,0,0,0,0.0,40.0,40.0,40,0,0,0,0.0,0,0,0,0,0,0,0,0,-1,0.0,-1,0.0,-1,0.0,-1,0.0,3,0,-1,0,2,20,asware
852499,11,8,991,6238,52,52,259,1390,90.09091,779.75,82.80574,664.3975,852499,143917,2,7,702248,127566,85249.9,20559.572,219697.42,47414.77,2,2,0,0,220,160,12.903241,9.384175,22.287416,8479.775,52,1390,380.4737,545.76416,2,702248,47361.055,165674.23,1,2,0,4,18,0,0,0,6.294652,380.4737,90.09091,220,464,5,3776,441424.06,779,4333,5,1367739,0,0,0,0,-1,0.0,-1,0.0,-1,0.0,-1,0.0,2,4194240,1853440,7,11,32,asware
0,1,0,420,0,420,-1,420,-1,420.0,0.0,0.0,0.0,0,0,-1,-1,-1,-1,0.0,0.0,0.0,0.0,0,0,0,0,20,0,0.0,0.0,0.0,0.0,420,420,420.0,0.0,-1,-1,0.0,0.0,0,0,0,0,0,0,0,0,0.0,420.0,420.0,20,0,0,0,0.0,0,0,0,0,0,0,0,0,-1,0.0,-1,0.0,-1,0.0,-1,0.0,2,0,-1,0,1,0,benign
1016,1,1,69,155,69,155,69,155,69.0,155.0,0.0,0.0,0,0,-1,-1,-1,-1,0.0,0.0,0.0,0.0,0,0,0,0,20,20,984.25195,984.25195,1968.5039,220472.44,69,155,112.0,60.80296,1016,1016,1016.0,0.0,0,0,0,0,0,0,0,0,2.2463768,112.0,69.0,20,0,0,0,0.0,155,0,0,0,0,0,0,0,-1,0.0,-1,0.0,-1,0.0,-1,0.0,2,0,0,0,1,0,asware
0,1,0,40,0,40,-1,40,-1,40.0,0.0,0.0,0.0,0,0,-1,-1,-1,-1,0.0,0.0,0.0,0.0,0,0,0,0,20,0,0.0,0.0,0.0,0.0,40,40,40.0,0.0,-1,-1,0.0,0.0,0,0,1,0,0,0,0,0,0.0,40.0,40.0,20,0,0,0,0.0,0,0,0,0,0,0,0,0,-1,0.0,-1,0.0,-1,0.0,-1,0.0,2,0,-1,0,1,20,benign
7049877,2,0,166,0,83,-1,83,-1,83.0,0.0,1.0,0.0,7049877,0,7049877,-1,7049877,-1,7049877.0,0.0,0.0,0.0,2,0,0,0,40,0,0.2836929,0.0,0.2836929,23.54651,83,83,83.0,1.0,7049877,7049877,7049877.0,0.0,2,0,0,2,2,0,0,0,0.0,83.0,83.0,40,0,0,0,0.0,0,0,0,0,2,166,0,0,7049877,7049877.0,7049877,0.0,7049877,7049877.0,7049877,0.0,3,109696,-1,0,2,32,benign
995,2,0,104,0,52,-1,52,-1,52.0,0.0,1.0,0.0,995,0,995,-1,995,-1,995.0,0.0,0.0,0.0,0,0,0,0,40,0,2010.0503,0.0,2010.0503,104522.61,52,52,52.0,1.0,995,995,995.0,0.0,1,0,0,0,2,0,0,0,0.0,52.0,52.0,40,0,0,0,0.0,0,0,0,0,0,0,0,0,-1,0.0,-1,0.0,-1,0.0,-1,0.0,3,88704,-1,0,2,32,benign
117248049,4,3,607,551,52,40,443,451,151.75,183.66667,194.20242,231.73224,252374,117145810,3,144300,143122,117001510,84124.664,58600000.0,74794.29,82600000.0,1,1,0,0,80,60,0.034115706,0.02558678,0.059702486,9.876497,40,451,165.42857,192.47975,3,116995675,19500000.0,47700000.0,0,2,1,2,6,0,0,0,0.907743,165.42857,151.75,80,0,0,0,53699.832,183,0,0,0,4,607,3,551,117248049,117000000.0,117248049,0.0,116995675,117000000.0,116995675,0.0,2,4194240,524288,3,4,32,benign
512256,2,0,166,0,83,-1,83,-1,83.0,0.0,1.0,0.0,512256,0,512256,-1,512256,-1,512256.0,0.0,0.0,0.0,2,0,0,0,40,0,3.9042978,0.0,3.9042978,324.05673,83,83,83.0,1.0,512256,512256,512256.0,0.0,2,0,0,2,2,0,0,0,0.0,83.0,83.0,40,0,0,0,0.0,0,0,0,0,0,0,0,0,-1,0.0,-1,0.0,-1,0.0,-1,0.0,3,138240,-1,0,2,32,benign
240813,1,1,52,52,52,52,52,52,52.0,52.0,0.0,0.0,0,0,-1,-1,-1,-1,0.0,0.0,0.0,0.0,0,0,0,0,20,20,4.1526,4.1526,8.3052,431.87036,52,52,52.0,1.0,240813,240813,240813.0,0.0,0,0,0,0,2,0,0,0,1.0,52.0,52.0,20,0,0,0,0.0,52,0,0,0,0,0,0,0,-1,0.0,-1,0.0,-1,0.0,-1,0.0,2,483840,313792,1,1,32,benign
106466,1,1,58,527,58,527,58,527,58.0,527.0,0.0,0.0,0,0,-1,-1,-1,-1,0.0,0.0,0.0,0.0,0,0,0,0,20,20,9.39267,9.39267,18.78534,5494.712,58,527,292.5,331.63156,106466,106466,106466.0,0.0,0,0,0,0,0,0,0,0,9.086206,292.5,58.0,20,0,0,0,0.0,527,0,0,0,0,0,0,0,-1,0.0,-1,0.0,-1,0.0,-1,0.0,2,0,0,0,1,0,asware
20034892,8,13,1446,3133,52,52,533,534,180.75,241.0,217.91888,212.38115,19911257,20034892,2,11,9877634,9952026,2844465.2,1669574.4,4793875.5,3851409.8,4,7,0,0,160,260,0.39930338,0.64886796,1.0481714,228.55127,52,534,218.04762,211.14781,2,9877634,1001744.6,3030158.5,1,0,0,11,21,0,0,0,2.1666667,218.04762,180.75,160,0,0,0,45105.75,241,1035,4,22161,4,723,6,1566,9900459,9944108.0,9987757,61729.008,9846002,9861818.0,9877634,22367.201,5,522880,105792,8,8,32,benign
535,1,1,53,246,53,246,53,246,53.0,246.0,0.0,0.0,0,0,-1,-1,-1,-1,0.0,0.0,0.0,0.0,0,0,0,0,20,20,1869.1589,1869.1589,3738.3179,558878.5,53,246,149.5,136.46794,535,535,535.0,0.0,0,0,0,0,0,0,0,0,4.6415095,149.5,53.0,20,0,0,0,0.0,246,0,0,0,0,0,0,0,-1,0.0,-1,0.0,-1,0.0,-1,0.0,2,0,0,0,1,0,benign
37498,3,1,164,60,52,60,60,60,54.666668,60.0,4.5643544,0.0,37498,0,2,-1,37496,-1,18749.0,0.0,26512.262,0.0,0,0,0,0,60,20,80.004265,26.668089,106.672356,5973.652,52,60,56.0,4.582576,2,33789,12499.333,18530.223,1,2,0,0,3,0,0,0,0.36585367,56.0,54.666668,60,0,0,0,0.0,60,0,0,0,0,0,0,0,-1,0.0,-1,0.0,-1,0.0,-1,0.0,2,4194240,1145472,1,3,32,benign
20951577,8,9,1566,1586,52,52,886,493,195.75,176.22223,292.51532,182.22601,404371,20923061,1497,249,149873,20581144,57767.285,2615382.5,49718.36,7259510.5,3,4,0,0,160,180,0.38183284,0.42956194,0.81139475,150.44214,52,886,185.41176,232.67776,249,20547206,1309473.6,5130206.5,1,2,0,7,16,0,0,0,1.0127714,185.41176,195.75,160,0,0,0,33206.32,176,1175,4,23337,8,1566,9,1586,20951577,21000000.0,20951577,0.0,20547206,20500000.0,20547206,0.0,2,4194240,2722560,6,8,32,benign
14927877,5,0,300,0,60,-1,60,-1,60.0,0.0,0.5,0.0,14927877,0,890248,-1,8028126,-1,3731969.2,0.0,3141500.0,0.0,0,0,0,0,100,0,0.3349438,0.0,0.3349438,20.096628,60,60,60.0,0.5,890248,8028126,3731969.2,3141500.0,0,5,0,0,0,0,0,0,0.0,60.0,60.0,100,0,0,0,0.0,0,0,0,0,1,100,0,0,2890750,4975959.0,8028126,2701742.8,2000502,4679209.5,8028126,3069193.2,6,4194240,-1,0,5,40,benign
2706,1,1,52,52,52,52,52,52,52.0,52.0,0.0,0.0,0,0,-1,-1,-1,-1,0.0,0.0,0.0,0.0,0,0,0,0,20,20,369.54916,369.54916,739.0983,38433.113,52,52,52.0,1.0,2706,2706,2706.0,0.0,1,0,0,0,2,0,0,0,1.0,52.0,52.0,20,0,0,0,0.0,52,0,0,0,0,0,0,0,-1,0.0,-1,0.0,-1,0.0,-1,0.0,2,4480,87616,1,1,32,benign
0,1,0,422,0,422,-1,422,-1,422.0,0.0,0.0,0.0,0,0,-1,-1,-1,-1,0.0,0.0,0.0,0.0,0,0,0,0,20,0,0.0,0.0,0.0,0.0,422,422,422.0,0.0,-1,-1,0.0,0.0,0,0,0,0,0,0,0,0,0.0,422.0,422.0,20,0,0,0,0.0,0,0,0,0,0,0,0,0,-1,0.0,-1,0.0,-1,0.0,-1,0.0,2,0,-1,0,1,0,benign
11051502,9,8,2606,4045,52,52,767,1390,289.55554,505.625,354.36902,588.64966,11051502,6059464,3,5,4993005,3724070,1381437.8,865637.7,1926138.6,1309434.6,3,2,0,0,180,160,0.81436896,0.7238835,1.5382525,601.81866,52,1390,391.2353,476.1767,3,4878504,690718.9,1446099.2,1,2,0,5,16,0,0,0,1.5521872,391.2353,289.55554,180,0,0,0,346508.4,505,0,0,0,4,1303,4,2022,5425200,5525751.0,5626302,142200.6,3724070,4301287.0,4878504,816308.1,2,4194240,1853440,6,9,32,asware
13251,2,0,104,0,52,-1,52,-1,52.0,0.0,1.0,0.0,13251,0,13251,-1,13251,-1,13251.0,0.0,0.0,0.0,0,0,0,0,40,0,150.932,0.0,150.932,7848.4644,52,52,52.0,1.0,13251,13251,13251.0,0.0,1,0,0,0,2,0,0,0,0.0,52.0,52.0,40,0,0,0,0.0,0,0,0,0,0,0,0,0,-1,0.0,-1,0.0,-1,0.0,-1,0.0,3,87616,-1,0,2,32,benign
216752,4,0,239,0,52,-1,83,-1,59.75,0.0,15.4892435,0.0,216752,0,2,-1,178876,-1,72250.664,0.0,94261.836,0.0,1,0,0,0,80,0,18.45427,0.0,18.45427,1102.6427,52,83,59.75,15.4892435,2,178876,72250.664,94261.836,1,0,0,1,4,0,0,0,0.0,59.75,59.75,80,239,4,1102,0.0,0,0,0,0,0,0,0,0,-1,0.0,-1,0.0,-1,0.0,-1,0.0,5,104320,-1,0,4,32,benign
0,1,0,408,0,408,-1,408,-1,408.0,0.0,0.0,0.0,0,0,-1,-1,-1,-1,0.0,0.0,0.0,0.0,0,0,0,0,20,0,0.0,0.0,0.0,0.0,408,408,408.0,0.0,-1,-1,0.0,0.0,0,0,0,0,0,0,0,0,0.0,408.0,408.0,20,0,0,0,0.0,0,0,0,0,0,0,0,0,-1,0.0,-1,0.0,-1,0.0,-1,0.0,2,0,-1,0,1,0,benign
5009628,4,2,931,112,52,52,767,60,232.75,56.0,356.18616,5.5677643,5009628,130233,9750,130233,4881256,130233,1669876.0,130233.0,2781669.2,0.0,1,0,0,0,80,40,0.7984625,0.39923123,1.1976937,208.1991,52,767,173.83333,290.61722,7101,4767874,1001925.6,2105872.0,1,2,0,1,5,0,0,0,0.120300755,173.83333,232.75,80,0,0,0,31.0,56,0,0,0,4,931,2,112,5009628,5009628.0,5009628,0.0,4767874,4767874.0,4767874,0.0,2,4194240,1853440,2,4,32,asware
229620,2,2,139,137,52,52,87,85,69.5,68.5,24.728525,23.313086,229620,141002,229620,141002,229620,141002,229620.0,141002.0,0.0,0.0,1,1,0,0,40,40,8.710043,8.710043,17.420086,1201.9858,52,87,69.0,19.638397,6367,141002,76540.0,67498.945,0,0,0,2,4,0,0,0,0.9856115,69.0,69.5,40,0,0,0,543.5,68,0,0,0,0,0,0,0,-1,0.0,-1,0.0,-1,0.0,-1,0.0,2,88704,22336,1,2,32,benign
59955138,2,0,135,0,52,-1,83,-1,67.5,0.0,21.897488,0.0,59955138,0,59955138,-1,59955138,-1,60000000.0,0.0,0.0,0.0,1,0,0,0,40,0,0.033358276,0.0,0.033358276,2.2516835,52,83,67.5,21.897488,59955138,59955138,60000000.0,0.0,0,0,0,1,2,0,0,0,0.0,67.5,67.5,40,0,0,0,0.0,0,0,0,0,2,135,0,0,59955138,60000000.0,59955138,0.0,59955138,60000000.0,59955138,0.0,3,101696,-1,0,2,32,benign
0,1,0,420,0,420,-1,420,-1,420.0,0.0,0.0,0.0,0,0,-1,-1,-1,-1,0.0,0.0,0.0,0.0,0,0,0,0,20,0,0.0,0.0,0.0,0.0,420,420,420.0,0.0,-1,-1,0.0,0.0,0,0,0,0,0,0,0,0,0.0,420.0,420.0,20,0,0,0,0.0,0,0,0,0,0,0,0,0,-1,0.0,-1,0.0,-1,0.0,-1,0.0,2,0,-1,0,1,0,benign
113841,3,4,427,417,52,52,315,253,142.33333,104.25,149.58554,99.23667,59246,60014,3249,74,55997,59466,29623.0,20004.666,37298.47,34175.1,1,1,0,0,60,80,26.352545,35.136726,61.48927,7413.849,52,315,120.57143,113.12435,74,54047,18973.5,27107.035,1,2,0,2,6,0,0,0,0.9765808,120.57143,142.33333,60,0,0,0,9847.917,104,0,0,0,0,0,0,0,-1,0.0,-1,0.0,-1,0.0,-1,0.0,2,4194240,926720,3,3,32,benign
383175,2,4,159,232,52,52,107,64,79.5,58.0,38.878014,6.904105,236157,16376,236157,3,236157,14500,236157.0,5458.6665,0.0,7885.652,1,0,0,0,40,80,5.2195473,10.439095,15.658642,1020.42145,52,107,65.166664,21.315878,3,236157,76635.0,104506.7,2,0,0,1,6,0,0,0,1.4591194,65.166664,79.5,40,0,0,0,47.666668,58,232,4,14167,0,0,0,0,-1,0.0,-1,0.0,-1,0.0,-1,0.0,3,21824,99008,1,2,32,benign
305875,6,4,476,1633,52,52,208,1390,79.333336,408.25,63.113125,655.4621,305875,24868,2,8,256373,23016,61175.0,8289.333,109826.22,12786.663,1,1,0,0,120,80,19.615856,13.077237,32.693092,6894.9736,52,1390,210.9,417.46002,2,256373,33986.11,83834.34,1,2,0,2,9,0,0,0,3.4306722,210.9,79.333336,120,0,0,0,429630.6,408,0,0,0,0,0,0,0,-1,0.0,-1,0.0,-1,0.0,-1,0.0,2,4194240,1853440,3,6,32,benign
603,1,1,71,414,71,414,71,414,71.0,414.0,0.0,0.0,0,0,-1,-1,-1,-1,0.0,0.0,0.0,0.0,0,0,0,0,20,20,1658.3748,1658.3748,3316.7495,804311.75,71,414,242.5,242.53557,603,603,603.0,0.0,0,0,0,0,0,0,0,0,5.830986,242.5,71.0,20,0,0,0,0.0,414,0,0,0,0,0,0,0,-1,0.0,-1,0.0,-1,0.0,-1,0.0,2,0,0,0,1,0,benign
7439015,2,0,104,0,52,-1,52,-1,52.0,0.0,1.0,0.0,7439015,0,7439015,-1,7439015,-1,7439015.0,0.0,0.0,0.0,0,0,0,0,40,0,0.2688528,0.0,0.2688528,13.980346,52,52,52.0,1.0,7439015,7439015,7439015.0,0.0,1,0,0,0,2,0,0,0,0.0,52.0,52.0,40,0,0,0,0.0,0,0,0,0,2,104,0,0,7439015,7439015.0,7439015,0.0,7439015,7439015.0,7439015,0.0,3,107008,-1,0,2,32,asware
300093922,5,3,520,1136,52,52,304,1024,104.0,378.66666,111.855934,558.8889,300093922,27904,3,2570,300040799,25334,75000000.0,13952.0,150000000.0,16096.579,1,1,0,0,100,60,0.01666145,0.00999687,0.02665832,5.5182724,52,1024,207.0,341.47055,3,300040799,42900000.0,113000000.0,1,2,0,2,7,0,0,0,2.1846154,207.0,104.0,100,0,0,0,312356.84,378,0,0,0,5,520,3,1136,300093922,300000000.0,300093922,0.0,300040799,300000000.0,300040799,0.0,2,4194240,1853440,2,5,32,benign
0,1,0,83,0,83,-1,83,-1,83.0,0.0,0.0,0.0,0,0,-1,-1,-1,-1,0.0,0.0,0.0,0.0,1,0,0,0,20,0,0.0,0.0,0.0,0.0,83,83,83.0,0.0,-1,-1,0.0,0.0,0,0,0,1,1,0,0,0,0.0,83.0,83.0,20,0,0,0,0.0,0,0,0,0,0,0,0,0,-1,0.0,-1,0.0,-1,0.0,-1,0.0,2,89792,-1,0,1,32,benign
0,1,0,436,0,436,-1,436,-1,436.0,0.0,0.0,0.0,0,0,-1,-1,-1,-1,0.0,0.0,0.0,0.0,0,0,0,0,20,0,0.0,0.0,0.0,0.0,436,436,436.0,0.0,-1,-1,0.0,0.0,0,0,0,0,0,0,0,0,0.0,436.0,436.0,20,0,0,0,0.0,0,0,0,0,0,0,0,0,-1,0.0,-1,0.0,-1,0.0,-1,0.0,2,0,-1,0,1,0,benign
3178870,6,5,1611,728,40,40,810,298,268.5,145.6,351.4503,139.20686,181502,3144060,5376,669,63120,2999847,36300.4,786015.0,20503.75,1476455.5,2,2,0,0,120,100,1.8874632,1.572886,3.460349,735.7961,40,810,212.63637,271.34766,669,2997368,317887.0,941710.06,1,2,0,4,10,0,0,0,0.45189324,212.63637,268.5,120,0,0,0,19378.55,145,0,0,0,6,1611,5,728,3178870,3178870.0,3178870,0.0,2997368,2997368.0,2997368,0.0,2,4194240,1720512,4,6,20,asware
72249,4,0,239,0,52,-1,83,-1,59.75,0.0,15.4892435,0.0,72249,0,3124,-1,40999,-1,24083.0,0.0,19258.46,0.0,1,0,0,0,80,0,55.36409,0.0,55.36409,3308.0042,52,83,59.75,15.4892435,3124,40999,24083.0,19258.46,1,0,0,1,4,0,0,0,0.0,59.75,59.75,80,239,4,3308,0.0,0,0,0,0,0,0,0,0,-1,0.0,-1,0.0,-1,0.0,-1,0.0,5,104320,-1,0,4,32,benign
2,2,0,80,0,40,-1,40,-1,40.0,0.0,1.0,0.0,2,0,2,-1,2,-1,2.0,0.0,0.0,0.0,0,0,0,0,40,0,1000000.0,0.0,1000000.0,40000000.0,40,40,40.0,1.0,2,2,2.0,0.0,1,0,0,0,2,0,0,0,0.0,40.0,40.0,40,0,0,0,0.0,0,0,0,0,0,0,0,0,-1,0.0,-1,0.0,-1,0.0,-1,0.0,3,88704,-1,0,2,20,asware
2475,1,1,375,40,375,40,375,40,375.0,40.0,0.0,0.0,0,0,-1,-1,-1,-1,0.0,0.0,0.0,0.0,1,0,0,0,20,20,404.0404,404.0404,808.0808,167676.77,40,375,207.5,236.87866,2475,2475,2475.0,0.0,0,0,1,1,1,0,0,0,0.10666667,207.5,375.0,20,0,0,0,0.0,40,0,0,0,0,0,0,0,-1,0.0,-1,0.0,-1,0.0,-1,0.0,2,15936,0,0,1,32,asware
0,1,0,52,0,52,-1,52,-1,52.0,0.0,0.0,0.0,0,0,-1,-1,-1,-1,0.0,0.0,0.0,0.0,0,0,0,0,20,0,0.0,0.0,0.0,0.0,52,52,52.0,0.0,-1,-1,0.0,0.0,0,0,0,0,1,0,0,0,0.0,52.0,52.0,20,0,0,0,0.0,0,0,0,0,0,0,0,0,-1,0.0,-1,0.0,-1,0.0,-1,0.0,2,90496,-1,0,1,32,asware
0,1,0,422,0,422,-1,422,-1,422.0,0.0,0.0,0.0,0,0,-1,-1,-1,-1,0.0,0.0,0.0,0.0,0,0,0,0,20,0,0.0,0.0,0.0,0.0,422,422,422.0,0.0,-1,-1,0.0,0.0,0,0,0,0,0,0,0,0,0.0,422.0,422.0,20,0,0,0,0.0,0,0,0,0,0,0,0,0,-1,0.0,-1,0.0,-1,0.0,-1,0.0,2,0,-1,0,1,0,benign
4790378,2,0,104,0,52,-1,52,-1,52.0,0.0,1.0,0.0,4790378,0,4790378,-1,4790378,-1,4790378.0,0.0,0.0,0.0,0,0,0,0,40,0,0.4175036,0.0,0.4175036,21.710186,52,52,52.0,1.0,4790378,4790378,4790378.0,0.0,1,0,0,0,2,0,0,0,0.0,52.0,52.0,40,0,0,0,0.0,0,0,0,0,2,104,0,0,4790378,4790378.0,4790378,0.0,4790378,4790378.0,4790378,0.0,3,88704,-1,0,2,32,asware
6901251,2,0,104,0,52,-1,52,-1,52.0,0.0,1.0,0.0,6901251,0,6901251,-1,6901251,-1,6901251.0,0.0,0.0,0.0,0,0,0,0,40,0,0.28980252,0.0,0.28980252,15.069732,52,52,52.0,1.0,6901251,6901251,6901251.0,0.0,2,0,0,0,2,0,0,0,0.0,52.0,52.0,40,0,0,0,0.0,0,0,0,0,2,104,0,0,6901251,6901251.0,6901251,0.0,6901251,6901251.0,6901251,0.0,3,88704,-1,0,2,32,asware
0,1,0,365,0,365,-1,365,-1,365.0,0.0,0.0,0.0,0,0,-1,-1,-1,-1,0.0,0.0,0.0,0.0,0,0,0,0,20,0,0.0,0.0,0.0,0.0,365,365,365.0,0.0,-1,-1,0.0,0.0,0,0,0,0,0,0,0,0,0.0,365.0,365.0,20,0,0,0,0.0,0,0,0,0,0,0,0,0,-1,0.0,-1,0.0,-1,0.0,-1,0.0,2,0,-1,0,1,0,benign
110640,1,1,40,52,40,52,40,52,40.0,52.0,0.0,0.0,0,0,-1,-1,-1,-1,0.0,0.0,0.0,0.0,0,0,0,0,20,20,9.038322,9.038322,18.076645,831.5257,40,52,46.0,8.426149,110640,110640,110640.0,0.0,1,0,1,0,1,0,0,0,1.3,46.0,40.0,20,0,0,0,0.0,52,0,0,0,0,0,0,0,-1,0.0,-1,0.0,-1,0.0,-1,0.0,2,0,16640,1,1,20,asware
460252,2,0,104,0,52,-1,52,-1,52.0,0.0,1.0,0.0,460252,0,460252,-1,460252,-1,460252.0,0.0,0.0,0.0,0,0,0,0,40,0,4.3454456,0.0,4.3454456,225.96317,52,52,52.0,1.0,460252,460252,460252.0,0.0,2,0,0,0,2,0,0,0,0.0,52.0,52.0,40,0,0,0,0.0,0,0,0,0,0,0,0,0,-1,0.0,-1,0.0,-1,0.0,-1,0.0,3,101440,-1,0,2,32,benign
268499,11,12,2422,6883,52,52,1251,1064,220.18182,573.5833,375.45874,474.95892,268499,195473,2,7,77005,108610,26849.9,17770.273,28843.32,33911.586,3,4,0,0,220,240,40.968494,44.692905,85.6614,34655.62,52,1251,404.56522,457.6578,2,64624,12204.5,18690.494,0,2,0,7,22,0,0,0,2.8418663,404.56522,220.18182,220,386,5,5475,225586.0,573,6256,8,1172413,0,0,0,0,-1,0.0,-1,0.0,-1,0.0,-1,0.0,2,4194240,1145472,10,11,32,benign
55127005,44,56,8468,12780,52,52,533,515,192.45454,228.21428,211.42891,200.13597,55127005,55096251,2,12,4948377,5039363,1282023.4,1001750.0,2116509.0,1971245.6,24,32,0,0,880,1120,0.7981569,1.0158361,1.813993,385.43723,52,533,212.48,204.90688,2,4948377,556838.44,1525459.5,0,0,0,56,100,0,0,0,1.5092112,212.48,192.45454,880,0,0,0,40054.406,228,1040,4,19874,4,769,5,1161,4938626,5001466.5,5064250,28279.963,4657002,4848607.0,4948377,75461.25,2,471424,105792,32,44,32,benign
0,1,0,420,0,420,-1,420,-1,420.0,0.0,0.0,0.0,0,0,-1,-1,-1,-1,0.0,0.0,0.0,0.0,0,0,0,0,20,0,0.0,0.0,0.0,0.0,420,420,420.0,0.0,-1,-1,0.0,0.0,0,0,0,0,0,0,0,0,0.0,420.0,420.0,20,0,0,0,0.0,0,0,0,0,0,0,0,0,-1,0.0,-1,0.0,-1,0.0,-1,0.0,2,0,-1,0,1,0,benign
2,2,0,135,0,52,-1,83,-1,67.5,0.0,21.897488,0.0,2,0,2,-1,2,-1,2.0,0.0,0.0,0.0,1,0,0,0,40,0,1000000.0,0.0,1000000.0,67500000.0,52,83,67.5,21.897488,2,2,2.0,0.0,0,0,1,1,2,0,0,0,0.0,67.5,67.5,40,0,0,0,0.0,0,0,0,0,0,0,0,0,-1,0.0,-1,0.0,-1,0.0,-1,0.0,3,100864,-1,0,2,32,asware
4890751,2,0,104,0,52,-1,52,-1,52.0,0.0,1.0,0.0,4890751,0,4890751,-1,4890751,-1,4890751.0,0.0,0.0,0.0,0,0,0,0,40,0,0.40893516,0.0,0.40893516,21.264627,52,52,52.0,1.0,4890751,4890751,4890751.0,0.0,2,0,0,0,2,0,0,0,0.0,52.0,52.0,40,0,0,0,0.0,0,0,0,0,2,104,0,0,4890751,4890751.0,4890751,0.0,4890751,4890751.0,4890751,0.0,3,88704,-1,0,2,32,benign
29520380,2,0,104,0,52,-1,52,-1,52.0,0.0,1.0,0.0,29520380,0,29520380,-1,29520380,-1,29500000.0,0.0,0.0,0.0,0,0,0,0,40,0,0.067749806,0.0,0.067749806,3.52299,52,52,52.0,1.0,29520380,29520380,29500000.0,0.0,2,0,0,0,2,0,0,0,0.0,52.0,52.0,40,0,0,0,0.0,0,0,0,0,2,104,0,0,29520380,29500000.0,29520380,0.0,29520380,29500000.0,29520380,0.0,3,88704,-1,0,2,32,asware
11535374,2,0,80,0,40,-1,40,-1,40.0,0.0,1.0,0.0,11535374,0,11535374,-1,11535374,-1,11500000.0,0.0,0.0,0.0,0,0,0,0,40,0,0.17337973,0.0,0.17337973,6.9351892,40,40,40.0,1.0,11535374,11535374,11500000.0,0.0,2,0,0,0,2,0,0,0,0.0,40.0,40.0,40,0,0,0,0.0,0,0,0,0,2,80,0,0,11535374,11500000.0,11535374,0.0,11535374,11500000.0,11535374,0.0,3,4194240,-1,0,2,20,benign
0,1,0,420,0,420,-1,420,-1,420.0,0.0,0.0,0.0,0,0,-1,-1,-1,-1,0.0,0.0,0.0,0.0,0,0,0,0,20,0,0.0,0.0,0.0,0.0,420,420,420.0,0.0,-1,-1,0.0,0.0,0,0,0,0,0,0,0,0,0.0,420.0,420.0,20,0,0,0,0.0,0,0,0,0,0,0,0,0,-1,0.0,-1,0.0,-1,0.0,-1,0.0,2,0,-1,0,1,0,benign
299364,1,1,40,40,40,40,40,40,40.0,40.0,0.0,0.0,0,0,-1,-1,-1,-1,0.0,0.0,0.0,0.0,0,0,0,0,20,20,3.340415,3.340415,6.68083,267.23322,40,40,40.0,1.0,299364,299364,299364.0,0.0,2,0,0,0,2,0,0,0,1.0,40.0,40.0,20,0,0,0,0.0,40,0,0,0,0,0,0,0,-1,0.0,-1,0.0,-1,0.0,-1,0.0,2,4194240,994816,1,1,20,benign
476498,2,0,166,0,83,-1,83,-1,83.0,0.0,1.0,0.0,476498,0,476498,-1,476498,-1,476498.0,0.0,0.0,0.0,2,0,0,0,40,0,4.1972895,0.0,4.1972895,348.37503,83,83,83.0,1.0,476498,476498,476498.0,0.0,2,0,0,2,2,0,0,0,0.0,83.0,83.0,40,0,0,0,0.0,0,0,0,0,0,0,0,0,-1,0.0,-1,0.0,-1,0.0,-1,0.0,3,90816,-1,0,2,32,benign
59822119,9,6,474,318,52,52,54,54,52.666668,53.0,0.9354144,1.0,59561889,49562540,288498,9264005,10451502,10726464,7445236.0,9912508.0,4317244.5,588106.3,3,3,0,0,180,120,0.15044603,0.10029735,0.2507434,13.23925,52,54,52.8,0.97833675,6172,10259579,4273008.5,4913471.0,0,0,0,6,15,0,0,0,0.6708861,52.8,52.666668,180,0,0,0,1.0,53,0,0,0,1,79,1,53,9004135,9926982.0,10986739,784679.0,8994500,9723062.0,10259579,597074.8,2,87616,7296,6,9,32,asware
0,1,0,422,0,422,-1,422,-1,422.0,0.0,0.0,0.0,0,0,-1,-1,-1,-1,0.0,0.0,0.0,0.0,0,0,0,0,20,0,0.0,0.0,0.0,0.0,422,422,422.0,0.0,-1,-1,0.0,0.0,0,0,0,0,0,0,0,0,0.0,422.0,422.0,20,0,0,0,0.0,0,0,0,0,0,0,0,0,-1,0.0,-1,0.0,-1,0.0,-1,0.0,2,0,-1,0,1,0,benign
320286305,2,0,104,0,52,-1,52,-1,52.0,0.0,1.0,0.0,320286305,0,320286305,-1,320286305,-1,320000000.0,0.0,0.0,0.0,0,0,0,0,40,0,0.006244413,0.0,0.006244413,0.32470948,52,52,52.0,1.0,320286305,320286305,320000000.0,0.0,1,0,0,0,2,0,0,0,0.0,52.0,52.0,40,0,0,0,0.0,0,0,0,0,2,104,0,0,320286305,320000000.0,320286305,0.0,320286305,320000000.0,320286305,0.0,3,88768,-1,0,2,32,asware
3873,2,0,104,0,52,-1,52,-1,52.0,0.0,1.0,0.0,3873,0,3873,-1,3873,-1,3873.0,0.0,0.0,0.0,0,0,0,0,40,0,516.39557,0.0,516.39557,26852.568,52,52,52.0,1.0,3873,3873,3873.0,0.0,1,0,0,0,2,0,0,0,0.0,52.0,52.0,40,0,0,0,0.0,0,0,0,0,0,0,0,0,-1,0.0,-1,0.0,-1,0.0,-1,0.0,3,4194240,-1,0,2,32,benign
9980007,8,6,2569,1755,52,52,767,1164,321.125,292.5,369.22928,445.84628,9980007,4933466,1123,123702,5047628,2954064,1425715.2,986693.2,1847061.6,1120774.5,3,2,0,0,160,120,0.80160266,0.601202,1.4028046,433.26624,52,1164,308.85715,387.3993,1123,4934800,767692.9,1456569.6,1,2,0,5,13,0,0,0,0.68314517,308.85715,321.125,160,0,0,0,198778.9,292,0,0,0,4,1284,3,877,4932379,4990003.5,5047628,81493.35,2788876,3861838.0,4934800,1517397.4,2,4194240,1853440,4,8,32,asware
2,2,0,135,0,52,-1,83,-1,67.5,0.0,21.897488,0.0,2,0,2,-1,2,-1,2.0,0.0,0.0,0.0,1,0,0,0,40,0,1000000.0,0.0,1000000.0,67500000.0,52,83,67.5,21.897488,2,2,2.0,0.0,1,0,0,1,2,0,0,0,0.0,67.5,67.5,40,0,0,0,0.0,0,0,0,0,0,0,0,0,-1,0.0,-1,0.0,-1,0.0,-1,0.0,3,522880,-1,0,2,32,asware
33683,1,1,52,52,52,52,52,52,52.0,52.0,0.0,0.0,0,0,-1,-1,-1,-1,0.0,0.0,0.0,0.0,0,0,0,0,20,20,29.688566,29.688566,59.377132,3087.6108,52,52,52.0,1.0,33683,33683,33683.0,0.0,1,0,0,0,2,0,0,0,1.0,52.0,52.0,20,0,0,0,0.0,52,0,0,0,0,0,0,0,-1,0.0,-1,0.0,-1,0.0,-1,0.0,2,87616,13440,1,1,32,benign
7698876,2,0,104,0,52,-1,52,-1,52.0,0.0,1.0,0.0,7698876,0,7698876,-1,7698876,-1,7698876.0,0.0,0.0,0.0,0,0,0,0,40,0,0.25977817,0.0,0.25977817,13.508466,52,52,52.0,1.0,7698876,7698876,7698876.0,0.0,2,0,0,0,2,0,0,0,0.0,52.0,52.0,40,0,0,0,0.0,0,0,0,0,2,104,0,0,7698876,7698876.0,7698876,0.0,7698876,7698876.0,7698876,0.0,3,88832,-1,0,2,32,asware
14740126,2,0,166,0,83,-1,83,-1,83.0,0.0,1.0,0.0,14740126,0,14740126,-1,14740126,-1,14700000.0,0.0,0.0,0.0,2,0,0,0,40,0,0.13568406,0.0,0.13568406,11.261776,83,83,83.0,1.0,14740126,14740126,14700000.0,0.0,2,0,0,2,2,0,0,0,0.0,83.0,83.0,40,0,0,0,0.0,0,0,0,0,2,166,0,0,14740126,14700000.0,14740126,0.0,14740126,14700000.0,14740126,0.0,3,90816,-1,0,2,32,benign
50997503,9,6,474,318,52,52,54,54,52.666668,53.0,0.9354144,1.0,50997503,50297066,297999,9282772,10699000,10716396,6374688.0,10100000.0,4865642.5,713446.56,3,3,0,0,180,120,0.17647924,0.11765282,0.29413205,15.530172,52,54,52.8,0.97833675,31973,10264256,3642678.8,4697879.5,0,0,0,6,15,0,0,0,0.6708861,52.8,52.666668,180,0,0,0,1.0,53,0,0,0,1,94,1,63,9017289,10100000.0,10982089,998830.06,8631632,9686825.0,10264256,801692.7,2,87616,7808,6,9,32,asware
437328,1,1,52,52,52,52,52,52,52.0,52.0,0.0,0.0,0,0,-1,-1,-1,-1,0.0,0.0,0.0,0.0,0,0,0,0,20,20,2.2866132,2.2866132,4.5732265,237.80779,52,52,52.0,1.0,437328,437328,437328.0,0.0,0,0,0,0,2,0,0,0,1.0,52.0,52.0,20,0,0,0,0.0,52,0,0,0,0,0,0,0,-1,0.0,-1,0.0,-1,0.0,-1,0.0,2,483840,522880,1,1,32,benign
0,1,0,436,0,436,-1,436,-1,436.0,0.0,0.0,0.0,0,0,-1,-1,-1,-1,0.0,0.0,0.0,0.0,0,0,0,0,20,0,0.0,0.0,0.0,0.0,436,436,436.0,0.0,-1,-1,0.0,0.0,0,0,0,0,0,0,0,0,0.0,436.0,436.0,20,0,0,0,0.0,0,0,0,0,0,0,0,0,-1,0.0,-1,0.0,-1,0.0,-1,0.0,2,0,-1,0,1,0,benign
38744,3,1,164,60,52,60,60,60,54.666668,60.0,4.5643544,0.0,38744,0,1375,-1,37369,-1,19372.0,0.0,25451.602,0.0,0,0,0,0,60,20,77.43134,25.810448,103.24179,5781.5405,52,60,56.0,4.582576,1375,33728,12914.667,18060.45,1,2,0,0,3,0,0,0,0.36585367,56.0,54.666668,60,0,0,0,0.0,60,0,0,0,0,0,0,0,-1,0.0,-1,0.0,-1,0.0,-1,0.0,2,4194240,1145472,1,3,32,benign
490127,2,0,166,0,83,-1,83,-1,83.0,0.0,1.0,0.0,490127,0,490127,-1,490127,-1,490127.0,0.0,0.0,0.0,2,0,0,0,40,0,4.080575,0.0,4.080575,338.6877,83,83,83.0,1.0,490127,490127,490127.0,0.0,2,0,0,2,2,0,0,0,0.0,83.0,83.0,40,0,0,0,0.0,0,0,0,0,0,0,0,0,-1,0.0,-1,0.0,-1,0.0,-1,0.0,3,104128,-1,0,2,32,GeneralMalware
0,1,0,436,0,436,-1,436,-1,436.0,0.0,0.0,0.0,0,0,-1,-1,-1,-1,0.0,0.0,0.0,0.0,0,0,0,0,20,0,0.0,0.0,0.0,0.0,436,436,436.0,0.0,-1,-1,0.0,0.0,0,0,0,0,0,0,0,0,0.0,436.0,436.0,20,0,0,0,0.0,0,0,0,0,0,0,0,0,-1,0.0,-1,0.0,-1,0.0,-1,0.0,2,0,-1,0,1,0,benign
55028880,12,6,3000,1278,52,213,448,213,250.0,213.0,206.80403,0.4472136,55028880,54990738,37120,10929583,11051132,11089707,5002625.5,11000000.0,5702766.5,61145.52,6,6,0,0,240,120,0.21806732,0.10903366,0.32710096,77.741,52,448,237.66667,167.31847,2034,11051132,3236993.0,5137940.0,0,0,0,12,18,0,0,0,0.426,237.66667,250.0,240,0,0,0,-0.2,213,0,0,0,2,600,1,255,10929623,11000000.0,11088252,60565.13,10890124,11000000.0,11051132,61994.105,2,262208,10624,6,12,32,benign
0,1,0,422,0,422,-1,422,-1,422.0,0.0,0.0,0.0,0,0,-1,-1,-1,-1,0.0,0.0,0.0,0.0,0,0,0,0,20,0,0.0,0.0,0.0,0.0,422,422,422.0,0.0,-1,-1,0.0,0.0,0,0,0,0,0,0,0,0,0.0,422.0,422.0,20,0,0,0,0.0,0,0,0,0,0,0,0,0,-1,0.0,-1,0.0,-1,0.0,-1,0.0,2,0,-1,0,1,0,benign
2,2,0,80,0,40,-1,40,-1,40.0,0.0,1.0,0.0,2,0,2,-1,2,-1,2.0,0.0,0.0,0.0,0,0,0,0,40,0,1000000.0,0.0,1000000.0,40000000.0,40,40,40.0,1.0,2,2,2.0,0.0,1,0,0,0,2,0,0,0,0.0,40.0,40.0,40,0,0,0,0.0,0,0,0,0,0,0,0,0,-1,0.0,-1,0.0,-1,0.0,-1,0.0,3,4194240,-1,0,2,20,asware
0,1,0,422,0,422,-1,422,-1,422.0,0.0,0.0,0.0,0,0,-1,-1,-1,-1,0.0,0.0,0.0,0.0,0,0,0,0,20,0,0.0,0.0,0.0,0.0,422,422,422.0,0.0,-1,-1,0.0,0.0,0,0,0,0,0,0,0,0,0.0,422.0,422.0,20,0,0,0,0.0,0,0,0,0,0,0,0,0,-1,0.0,-1,0.0,-1,0.0,-1,0.0,2,0,-1,0,1,0,benign
47138382,10,8,939,6238,52,52,259,1390,93.9,779.75,86.2631,664.3975,47138382,46649,2,56,47077379,37888,5237598.0,6664.143,15700000.0,13993.366,2,2,0,0,200,160,0.21214135,0.16971308,0.38185444,152.25385,52,1390,398.72223,555.59,2,47077379,2772846.0,11400000.0,1,2,0,4,17,0,0,0,6.6432376,398.72223,93.9,200,464,5,15599,441424.06,779,4333,5,2624470,10,939,8,6238,47138382,47100000.0,47138382,0.0,47077379,47100000.0,47077379,0.0,2,4194240,1853440,7,10,32,asware
0,1,0,356,0,356,-1,356,-1,356.0,0.0,0.0,0.0,0,0,-1,-1,-1,-1,0.0,0.0,0.0,0.0,0,0,0,0,20,0,0.0,0.0,0.0,0.0,356,356,356.0,0.0,-1,-1,0.0,0.0,0,0,0,0,0,0,0,0,0.0,356.0,356.0,20,0,0,0,0.0,0,0,0,0,0,0,0,0,-1,0.0,-1,0.0,-1,0.0,-1,0.0,2,0,-1,0,1,0,benign
0,1,0,356,0,356,-1,356,-1,356.0,0.0,0.0,0.0,0,0,-1,-1,-1,-1,0.0,0.0,0.0,0.0,0,0,0,0,20,0,0.0,0.0,0.0,0.0,356,356,356.0,0.0,-1,-1,0.0,0.0,0,0,0,0,0,0,0,0,0.0,356.0,356.0,20,0,0,0,0.0,0,0,0,0,0,0,0,0,-1,0.0,-1,0.0,-1,0.0,-1,0.0,2,0,-1,0,1,0,benign
59948747,4,3,1126,1386,52,52,592,667,281.5,462.0,273.13123,355.0697,59946510,59946680,5,24834,59867516,59921846,20000000.0,30000000.0,34500000.0,42400000.0,2,2,0,0,80,60,0.06672366,0.05004275,0.11676641,41.902462,52,667,358.85715,297.7146,5,59867516,9991458.0,24400000.0,0,0,0,4,7,0,0,0,1.2309059,358.85715,281.5,80,0,0,0,126074.5,462,0,0,0,4,1126,3,1386,59869753,59900000.0,59869753,0.0,59867516,59900000.0,59867516,0.0,2,115008,7296,2,4,32,benign
76975,3,3,268,164,52,52,156,60,89.333336,54.666668,57.869106,4.5643544,42375,43120,3126,13,39249,43107,21187.5,21560.0,25542.818,30472.06,1,0,0,0,60,60,38.973694,38.973694,77.94739,5612.212,52,156,72.0,41.335217,13,34587,15395.0,17293.486,1,2,0,1,5,0,0,0,0.6119403,72.0,89.333336,60,0,0,0,20.833334,54,0,0,0,0,0,0,0,-1,0.0,-1,0.0,-1,0.0,-1,0.0,2,4194240,1718208,2,3,32,benign
772192,1,2,64,116,64,52,64,64,64.0,58.0,0.0,8.426149,0,772192,-1,772192,-1,772192,0.0,772192.0,0.0,0.0,1,1,0,0,20,40,1.2950147,2.5900295,3.885044,233.10265,52,64,60.0,6.8920245,359559,412633,386096.0,37528.984,0,0,0,2,3,0,0,0,1.8125,60.0,64.0,20,0,0,0,71.0,58,0,0,0,0,0,0,0,-1,0.0,-1,0.0,-1,0.0,-1,0.0,2,88704,171712,2,1,32,benign
33039,1,1,71,414,71,414,71,414,71.0,414.0,0.0,0.0,0,0,-1,-1,-1,-1,0.0,0.0,0.0,0.0,0,0,0,0,20,20,30.26726,30.26726,60.53452,14679.621,71,414,242.5,242.53557,33039,33039,33039.0,0.0,0,0,0,0,0,0,0,0,5.830986,242.5,71.0,20,0,0,0,0.0,414,0,0,0,0,0,0,0,-1,0.0,-1,0.0,-1,0.0,-1,0.0,2,0,0,0,1,0,benign
7711,1,1,52,52,52,52,52,52,52.0,52.0,0.0,0.0,0,0,-1,-1,-1,-1,0.0,0.0,0.0,0.0,0,0,0,0,20,20,129.68486,129.68486,259.36972,13487.226,52,52,52.0,1.0,7711,7711,7711.0,0.0,1,0,0,0,2,0,0,0,1.0,52.0,52.0,20,0,0,0,0.0,52,0,0,0,0,0,0,0,-1,0.0,-1,0.0,-1,0.0,-1,0.0,2,15232,87616,1,1,32,asware
33759,1,1,52,52,52,52,52,52,52.0,52.0,0.0,0.0,0,0,-1,-1,-1,-1,0.0,0.0,0.0,0.0,0,0,0,0,20,20,29.62173,29.62173,59.24346,3080.66,52,52,52.0,1.0,33759,33759,33759.0,0.0,1,0,0,0,2,0,0,0,1.0,52.0,52.0,20,0,0,0,0.0,52,0,0,0,0,0,0,0,-1,0.0,-1,0.0,-1,0.0,-1,0.0,2,87616,13376,1,1,32,benign
4438627,2,0,104,0,52,-1,52,-1,52.0,0.0,1.0,0.0,4438627,0,4438627,-1,4438627,-1,4438627.0,0.0,0.0,0.0,0,0,0,0,40,0,0.45058978,0.0,0.45058978,23.43067,52,52,52.0,1.0,4438627,4438627,4438627.0,0.0,2,0,0,0,2,0,0,0,0.0,52.0,52.0,40,0,0,0,0.0,0,0,0,0,2,104,0,0,4438627,4438627.0,4438627,0.0,4438627,4438627.0,4438627,0.0,3,88704,-1,0,2,32,asware
59995385,3,0,498,0,166,-1,166,-1,166.0,0.0,0.70710677,0.0,59995385,0,29991630,-1,30003755,-1,30000000.0,0.0,8573.67,0.0,0,0,0,0,60,0,0.050003845,0.0,0.050003845,8.300638,166,166,166.0,0.70710677,29991630,30003755,30000000.0,8573.67,0,0,0,0,0,0,0,0,0.0,166.0,166.0,60,0,0,0,0.0,0,0,0,0,1,249,0,0,29991630,30000000.0,30003755,8573.67,29991630,30000000.0,30003755,8573.67,4,0,-1,0,3,0,benign
59802627,1,3,52,199,52,52,52,83,52.0,66.333336,0.0,15.615164,0,59653759,-1,2745,-1,59651014,0.0,29800000.0,0.0,42200000.0,0,1,0,0,20,60,0.016721673,0.05016502,0.06688669,4.19714,52,83,62.75,14.625891,2745,59651014,19900000.0,34400000.0,2,0,0,1,4,0,0,0,3.8269231,62.75,52.0,20,0,0,0,243.83333,66,0,0,0,1,52,3,199,59799882,59800000.0,59799882,0.0,59651014,59700000.0,59651014,0.0,2,24832,112128,2,1,32,benign
70852,3,3,268,164,52,52,156,60,89.333336,54.666668,57.869106,4.5643544,37001,36685,2,124,36999,36561,18500.5,18342.5,26160.83,25764.85,1,0,0,0,60,60,42.34178,42.34178,84.68356,6097.217,52,156,72.0,41.335217,2,34167,14170.4,18089.56,1,2,0,1,5,0,0,0,0.6119403,72.0,89.333336,60,0,0,0,20.833334,54,0,0,0,0,0,0,0,-1,0.0,-1,0.0,-1,0.0,-1,0.0,2,4194240,1718208,2,3,32,benign
0,1,0,420,0,420,-1,420,-1,420.0,0.0,0.0,0.0,0,0,-1,-1,-1,-1,0.0,0.0,0.0,0.0,0,0,0,0,20,0,0.0,0.0,0.0,0.0,420,420,420.0,0.0,-1,-1,0.0,0.0,0,0,0,0,0,0,0,0,0.0,420.0,420.0,20,0,0,0,0.0,0,0,0,0,0,0,0,0,-1,0.0,-1,0.0,-1,0.0,-1,0.0,2,0,-1,0,1,0,benign
0,1,0,422,0,422,-1,422,-1,422.0,0.0,0.0,0.0,0,0,-1,-1,-1,-1,0.0,0.0,0.0,0.0,0,0,0,0,20,0,0.0,0.0,0.0,0.0,422,422,422.0,0.0,-1,-1,0.0,0.0,0,0,0,0,0,0,0,0,0.0,422.0,422.0,20,0,0,0,0.0,0,0,0,0,0,0,0,0,-1,0.0,-1,0.0,-1,0.0,-1,0.0,2,0,-1,0,1,0,benign
19321004,2,0,104,0,52,-1,52,-1,52.0,0.0,1.0,0.0,19321004,0,19321004,-1,19321004,-1,19300000.0,0.0,0.0,0.0,0,0,0,0,40,0,0.10351429,0.0,0.10351429,5.382743,52,52,52.0,1.0,19321004,19321004,19300000.0,0.0,2,0,0,0,2,0,0,0,0.0,52.0,52.0,40,0,0,0,0.0,0,0,0,0,2,104,0,0,19321004,19300000.0,19321004,0.0,19321004,19300000.0,19321004,0.0,3,88704,-1,0,2,32,asware
70201,3,3,268,164,52,52,156,60,89.333336,54.666668,57.869106,4.5643544,36502,36613,2,12,36500,36601,18251.0,18306.5,25807.982,25872.33,1,0,0,0,60,60,42.734432,42.734432,85.468864,6153.7583,52,156,72.0,41.335217,2,33687,14040.2,17929.107,1,2,0,1,5,0,0,0,0.6119403,72.0,89.333336,60,0,0,0,20.833334,54,0,0,0,0,0,0,0,-1,0.0,-1,0.0,-1,0.0,-1,0.0,2,4194240,1718208,2,3,32,benign
0,1,0,83,0,83,-1,83,-1,83.0,0.0,0.0,0.0,0,0,-1,-1,-1,-1,0.0,0.0,0.0,0.0,1,0,0,0,20,0,0.0,0.0,0.0,0.0,83,83,83.0,0.0,-1,-1,0.0,0.0,0,0,0,1,1,0,0,0,0.0,83.0,83.0,20,0,0,0,0.0,0,0,0,0,0,0,0,0,-1,0.0,-1,0.0,-1,0.0,-1,0.0,2,104128,-1,0,1,32,benign
65970238,4,4,495,1416,52,52,331,1252,123.75,354.0,138.21692,598.6783,1409122,65704683,3,2270,707620,65000493,469707.34,21900000.0,406787.4,37300000.0,1,1,0,0,80,80,0.060633402,0.060633402,0.121266805,28.967607,52,1252,238.875,420.64404,3,64561116,9424320.0,24300000.0,1,2,0,2,7,0,0,0,2.860606,238.875,123.75,80,0,0,0,358415.66,354,0,0,0,4,495,4,1416,65970238,66000000.0,65970238,0.0,64561116,64600000.0,64561116,0.0,2,4194240,926720,3,4,32,asware
0,1,0,408,0,408,-1,408,-1,408.0,0.0,0.0,0.0,0,0,-1,-1,-1,-1,0.0,0.0,0.0,0.0,0,0,0,0,20,0,0.0,0.0,0.0,0.0,408,408,408.0,0.0,-1,-1,0.0,0.0,0,0,0,0,0,0,0,0,0.0,408.0,408.0,20,0,0,0,0.0,0,0,0,0,0,0,0,0,-1,0.0,-1,0.0,-1,0.0,-1,0.0,2,0,-1,0,1,0,benign
1840004,2,0,104,0,52,-1,52,-1,52.0,0.0,1.0,0.0,1840004,0,1840004,-1,1840004,-1,1840004.0,0.0,0.0,0.0,0,0,0,0,40,0,1.0869541,0.0,1.0869541,56.521618,52,52,52.0,1.0,1840004,1840004,1840004.0,0.0,2,0,0,0,2,0,0,0,0.0,52.0,52.0,40,0,0,0,0.0,0,0,0,0,2,104,0,0,1840004,1840004.0,1840004,0.0,1840004,1840004.0,1840004,0.0,3,164736,-1,0,2,32,benign
0,1,0,52,0,52,-1,52,-1,52.0,0.0,0.0,0.0,0,0,-1,-1,-1,-1,0.0,0.0,0.0,0.0,0,0,0,0,20,0,0.0,0.0,0.0,0.0,52,52,52.0,0.0,-1,-1,0.0,0.0,0,0,0,0,1,0,0,0,0.0,52.0,52.0,20,0,0,0,0.0,0,0,0,0,0,0,0,0,-1,0.0,-1,0.0,-1,0.0,-1,0.0,2,5824,-1,0,1,32,benign
0,0,1,0,83,-1,83,-1,83,0.0,83.0,0.0,0.0,0,0,-1,-1,-1,-1,0.0,0.0,0.0,0.0,0,1,0,0,0,20,0.0,0.0,0.0,0.0,83,83,83.0,0.0,-1,-1,0.0,0.0,0,0,0,1,1,0,0,0,0.0,83.0,0.0,0,0,0,0,0.0,83,0,0,0,0,0,0,0,-1,0.0,-1,0.0,-1,0.0,-1,0.0,2,-1,128192,1,0,0,benign
0,0,1,0,83,-1,83,-1,83,0.0,83.0,0.0,0.0,0,0,-1,-1,-1,-1,0.0,0.0,0.0,0.0,0,1,0,0,0,20,0.0,0.0,0.0,0.0,83,83,83.0,0.0,-1,-1,0.0,0.0,0,0,0,1,1,0,0,0,0.0,83.0,0.0,0,0,0,0,0.0,83,0,0,0,0,0,0,0,-1,0.0,-1,0.0,-1,0.0,-1,0.0,2,-1,101696,1,0,0,benign
15020632,5,0,300,0,60,-1,60,-1,60.0,0.0,0.5,0.0,15020632,0,1000377,-1,8008754,-1,3755158.0,0.0,3100119.0,0.0,0,0,0,0,100,0,0.33287546,0.0,0.33287546,19.972528,60,60,60.0,0.5,1000377,8008754,3755158.0,3100119.0,0,5,0,0,0,0,0,0,0.0,60.0,60.0,100,0,0,0,0.0,0,0,0,0,1,75,0,0,1000377,3755158.0,8008754,3100119.0,1000377,3755158.0,8008754,3100119.0,6,4194240,-1,0,5,40,benign
0,1,0,365,0,365,-1,365,-1,365.0,0.0,0.0,0.0,0,0,-1,-1,-1,-1,0.0,0.0,0.0,0.0,0,0,0,0,20,0,0.0,0.0,0.0,0.0,365,365,365.0,0.0,-1,-1,0.0,0.0,0,0,0,0,0,0,0,0,0.0,365.0,365.0,20,0,0,0,0.0,0,0,0,0,0,0,0,0,-1,0.0,-1,0.0,-1,0.0,-1,0.0,2,0,-1,0,1,0,benign
529,1,1,73,260,73,260,73,260,73.0,260.0,0.0,0.0,0,0,-1,-1,-1,-1,0.0,0.0,0.0,0.0,0,0,0,0,20,20,1890.3591,1890.3591,3780.7183,629489.6,73,260,166.5,132.22519,529,529,529.0,0.0,0,0,0,0,0,0,0,0,3.5616438,166.5,73.0,20,0,0,0,0.0,260,0,0,0,0,0,0,0,-1,0.0,-1,0.0,-1,0.0,-1,0.0,2,0,0,0,1,0,benign
24382,1,1,60,467,60,467,60,467,60.0,467.0,0.0,0.0,0,0,-1,-1,-1,-1,0.0,0.0,0.0,0.0,0,0,0,0,20,20,41.013863,41.013863,82.027725,21614.305,60,467,263.5,287.7907,24382,24382,24382.0,0.0,0,0,0,0,0,0,0,0,7.7833333,263.5,60.0,20,0,0,0,0.0,467,0,0,0,0,0,0,0,-1,0.0,-1,0.0,-1,0.0,-1,0.0,2,0,0,0,1,0,benign
119874153,10,8,1671,4226,52,40,489,1390,167.1,528.25,167.38707,581.26324,1021382,119769496,2,118,359253,119044371,113486.89,17100000.0,124119.63,44900000.0,4,3,0,0,200,160,0.08342082,0.06673665,0.15015748,49.193256,40,1390,327.6111,433.65216,2,118852771,7051421.0,28800000.0,0,2,1,7,17,0,0,0,2.5290246,327.6111,167.1,200,0,0,0,337866.94,528,0,0,0,10,1671,8,4226,119874153,120000000.0,119874153,0.0,118852771,119000000.0,118852771,0.0,2,4194240,524288,7,10,32,benign
614378,3,0,156,0,52,-1,52,-1,52.0,0.0,0.70710677,0.0,614378,0,37876,-1,576502,-1,307189.0,0.0,380866.1,0.0,0,0,0,0,60,0,4.8829875,0.0,4.8829875,253.91534,52,52,52.0,0.70710677,37876,576502,307189.0,380866.1,1,0,0,0,3,0,0,0,0.0,52.0,52.0,60,0,0,0,0.0,0,0,0,0,0,0,0,0,-1,0.0,-1,0.0,-1,0.0,-1,0.0,4,88704,-1,0,3,32,asware
0,1,0,420,0,420,-1,420,-1,420.0,0.0,0.0,0.0,0,0,-1,-1,-1,-1,0.0,0.0,0.0,0.0,0,0,0,0,20,0,0.0,0.0,0.0,0.0,420,420,420.0,0.0,-1,-1,0.0,0.0,0,0,0,0,0,0,0,0,0.0,420.0,420.0,20,0,0,0,0.0,0,0,0,0,0,0,0,0,-1,0.0,-1,0.0,-1,0.0,-1,0.0,2,0,-1,0,1,0,benign
341251,13,12,1538,7479,52,52,569,1390,118.30769,623.25,147.03508,637.266,341251,295085,2,7,142123,110017,28437.584,26825.908,42753.78,39916.984,4,5,0,0,260,240,38.095127,35.164734,73.25986,26423.365,52,1390,360.68,513.06323,2,73744,14218.792,24583.816,0,2,1,9,24,0,0,0,4.8628087,360.68,118.30769,260,386,5,5233,406107.94,623,3562,5,99889,0,0,0,0,-1,0.0,-1,0.0,-1,0.0,-1,0.0,2,4194240,1145472,10,13,32,benign
0,1,0,436,0,436,-1,436,-1,436.0,0.0,0.0,0.0,0,0,-1,-1,-1,-1,0.0,0.0,0.0,0.0,0,0,0,0,20,0,0.0,0.0,0.0,0.0,436,436,436.0,0.0,-1,-1,0.0,0.0,0,0,0,0,0,0,0,0,0.0,436.0,436.0,20,0,0,0,0.0,0,0,0,0,0,0,0,0,-1,0.0,-1,0.0,-1,0.0,-1,0.0,2,0,-1,0,1,0,benign
0,1,0,40,0,40,-1,40,-1,40.0,0.0,0.0,0.0,0,0,-1,-1,-1,-1,0.0,0.0,0.0,0.0,0,0,0,0,20,0,0.0,0.0,0.0,0.0,40,40,40.0,0.0,-1,-1,0.0,0.0,0,0,1,0,0,0,0,0,0.0,40.0,40.0,20,0,0,0,0.0,0,0,0,0,0,0,0,0,-1,0.0,-1,0.0,-1,0.0,-1,0.0,2,0,-1,0,1,20,benign
0,1,0,420,0,420,-1,420,-1,420.0,0.0,0.0,0.0,0,0,-1,-1,-1,-1,0.0,0.0,0.0,0.0,0,0,0,0,20,0,0.0,0.0,0.0,0.0,420,420,420.0,0.0,-1,-1,0.0,0.0,0,0,0,0,0,0,0,0,0.0,420.0,420.0,20,0,0,0,0.0,0,0,0,0,0,0,0,0,-1,0.0,-1,0.0,-1,0.0,-1,0.0,2,0,-1,0,1,0,benign
47684752,2,0,104,0,52,-1,52,-1,52.0,0.0,1.0,0.0,47684752,0,47684752,-1,47684752,-1,47700000.0,0.0,0.0,0.0,0,0,0,0,40,0,0.04194213,0.0,0.04194213,2.1809907,52,52,52.0,1.0,47684752,47684752,47700000.0,0.0,2,0,0,0,2,0,0,0,0.0,52.0,52.0,40,0,0,0,0.0,0,0,0,0,2,104,0,0,47684752,47700000.0,47684752,0.0,47684752,47700000.0,47684752,0.0,3,90496,-1,0,2,32,asware
53143,1,1,65,298,65,298,65,298,65.0,298.0,0.0,0.0,0,0,-1,-1,-1,-1,0.0,0.0,0.0,0.0,0,0,0,0,20,20,18.817154,18.817154,37.634308,6830.627,65,298,181.5,164.75284,53143,53143,53143.0,0.0,0,0,0,0,0,0,0,0,4.584615,181.5,65.0,20,0,0,0,0.0,298,0,0,0,0,0,0,0,-1,0.0,-1,0.0,-1,0.0,-1,0.0,2,0,0,0,1,0,asware
0,1,0,420,0,420,-1,420,-1,420.0,0.0,0.0,0.0,0,0,-1,-1,-1,-1,0.0,0.0,0.0,0.0,0,0,0,0,20,0,0.0,0.0,0.0,0.0,420,420,420.0,0.0,-1,-1,0.0,0.0,0,0,0,0,0,0,0,0,0.0,420.0,420.0,20,0,0,0,0.0,0,0,0,0,0,0,0,0,-1,0.0,-1,0.0,-1,0.0,-1,0.0,2,0,-1,0,1,0,benign
412623,2,1,116,64,52,64,64,64,58.0,64.0,8.426149,0.0,412623,0,412623,-1,412623,-1,412623.0,0.0,0.0,0.0,1,1,0,0,40,20,4.8470397,2.4235198,7.2705593,436.23355,52,64,60.0,6.8920245,36010,376613,206311.5,240842.69,0,0,0,2,3,0,0,0,0.55172414,60.0,58.0,40,0,0,0,0.0,64,0,0,0,0,0,0,0,-1,0.0,-1,0.0,-1,0.0,-1,0.0,2,87040,150272,1,2,32,benign
1098,1,1,64,242,64,242,64,242,64.0,242.0,0.0,0.0,0,0,-1,-1,-1,-1,0.0,0.0,0.0,0.0,0,0,0,0,20,20,910.7468,910.7468,1821.4937,278688.53,64,242,153.0,125.86104,1098,1098,1098.0,0.0,0,0,0,0,0,0,0,0,3.78125,153.0,64.0,20,0,0,0,0.0,242,0,0,0,0,0,0,0,-1,0.0,-1,0.0,-1,0.0,-1,0.0,2,0,0,0,1,0,benign
0,1,0,52,0,52,-1,52,-1,52.0,0.0,0.0,0.0,0,0,-1,-1,-1,-1,0.0,0.0,0.0,0.0,0,0,0,0,20,0,0.0,0.0,0.0,0.0,52,52,52.0,0.0,-1,-1,0.0,0.0,0,0,0,0,1,0,0,0,0.0,52.0,52.0,20,0,0,0,0.0,0,0,0,0,0,0,0,0,-1,0.0,-1,0.0,-1,0.0,-1,0.0,2,22400,-1,0,1,32,asware
29520128,2,0,104,0,52,-1,52,-1,52.0,0.0,1.0,0.0,29520128,0,29520128,-1,29520128,-1,29500000.0,0.0,0.0,0.0,0,0,0,0,40,0,0.06775039,0.0,0.06775039,3.52302,52,52,52.0,1.0,29520128,29520128,29500000.0,0.0,2,0,0,0,2,0,0,0,0.0,52.0,52.0,40,0,0,0,0.0,0,0,0,0,2,104,0,0,29520128,29500000.0,29520128,0.0,29520128,29500000.0,29520128,0.0,3,94464,-1,0,2,32,benign
0,1,0,408,0,408,-1,408,-1,408.0,0.0,0.0,0.0,0,0,-1,-1,-1,-1,0.0,0.0,0.0,0.0,0,0,0,0,20,0,0.0,0.0,0.0,0.0,408,408,408.0,0.0,-1,-1,0.0,0.0,0,0,0,0,0,0,0,0,0.0,408.0,408.0,20,0,0,0,0.0,0,0,0,0,0,0,0,0,-1,0.0,-1,0.0,-1,0.0,-1,0.0,2,0,-1,0,1,0,benign
0,1,0,420,0,420,-1,420,-1,420.0,0.0,0.0,0.0,0,0,-1,-1,-1,-1,0.0,0.0,0.0,0.0,0,0,0,0,20,0,0.0,0.0,0.0,0.0,420,420,420.0,0.0,-1,-1,0.0,0.0,0,0,0,0,0,0,0,0,0.0,420.0,420.0,20,0,0,0,0.0,0,0,0,0,0,0,0,0,-1,0.0,-1,0.0,-1,0.0,-1,0.0,2,0,-1,0,1,0,benign
59999510,3,0,187,0,52,-1,83,-1,62.333332,0.0,17.883884,0.0,59999510,0,1125,-1,59998385,-1,30000000.0,0.0,42400000.0,0.0,1,0,0,0,60,0,0.050000407,0.0,0.050000407,3.116692,52,83,62.333332,17.883884,1125,59998385,30000000.0,42400000.0,1,0,0,1,3,0,0,0,0.0,62.333332,62.333332,60,0,0,0,0.0,0,0,0,0,3,187,0,0,59998385,60000000.0,59998385,0.0,59998385,60000000.0,59998385,0.0,4,104576,-1,0,3,32,benign
0,1,0,40,0,40,-1,40,-1,40.0,0.0,0.0,0.0,0,0,-1,-1,-1,-1,0.0,0.0,0.0,0.0,0,0,0,0,20,0,0.0,0.0,0.0,0.0,40,40,40.0,0.0,-1,-1,0.0,0.0,0,0,1,0,0,0,0,0,0.0,40.0,40.0,20,0,0,0,0.0,0,0,0,0,0,0,0,0,-1,0.0,-1,0.0,-1,0.0,-1,0.0,2,0,-1,0,1,20,benign
0,1,0,420,0,420,-1,420,-1,420.0,0.0,0.0,0.0,0,0,-1,-1,-1,-1,0.0,0.0,0.0,0.0,0,0,0,0,20,0,0.0,0.0,0.0,0.0,420,420,420.0,0.0,-1,-1,0.0,0.0,0,0,0,0,0,0,0,0,0.0,420.0,420.0,20,0,0,0,0.0,0,0,0,0,0,0,0,0,-1,0.0,-1,0.0,-1,0.0,-1,0.0,2,0,-1,0,1,0,benign
0,1,0,420,0,420,-1,420,-1,420.0,0.0,0.0,0.0,0,0,-1,-1,-1,-1,0.0,0.0,0.0,0.0,0,0,0,0,20,0,0.0,0.0,0.0,0.0,420,420,420.0,0.0,-1,-1,0.0,0.0,0,0,0,0,0,0,0,0,0.0,420.0,420.0,20,0,0,0,0.0,0,0,0,0,0,0,0,0,-1,0.0,-1,0.0,-1,0.0,-1,0.0,2,0,-1,0,1,0,benign
0,1,0,420,0,420,-1,420,-1,420.0,0.0,0.0,0.0,0,0,-1,-1,-1,-1,0.0,0.0,0.0,0.0,0,0,0,0,20,0,0.0,0.0,0.0,0.0,420,420,420.0,0.0,-1,-1,0.0,0.0,0,0,0,0,0,0,0,0,0.0,420.0,420.0,20,0,0,0,0.0,0,0,0,0,0,0,0,0,-1,0.0,-1,0.0,-1,0.0,-1,0.0,2,0,-1,0,1,0,benign
1729,2,0,711,0,52,-1,659,-1,355.5,0.0,429.21265,0.0,1729,0,1729,-1,1729,-1,1729.0,0.0,0.0,0.0,1,0,0,0,40,0,1156.738,0.0,1156.738,411220.34,52,659,355.5,429.21265,1729,1729,1729.0,0.0,1,0,0,1,2,0,0,0,0.0,355.5,355.5,40,0,0,0,0.0,0,0,0,0,0,0,0,0,-1,0.0,-1,0.0,-1,0.0,-1,0.0,3,8704,-1,0,2,32,asware
267570,1,1,63,524,63,524,63,524,63.0,524.0,0.0,0.0,0,0,-1,-1,-1,-1,0.0,0.0,0.0,0.0,0,0,0,0,20,20,3.7373397,3.7373397,7.4746795,2193.8184,63,524,293.5,325.9747,267570,267570,267570.0,0.0,0,0,0,0,0,0,0,0,8.31746,293.5,63.0,20,0,0,0,0.0,524,0,0,0,0,0,0,0,-1,0.0,-1,0.0,-1,0.0,-1,0.0,2,0,0,0,1,0,benign
0,1,0,40,0,40,-1,40,-1,40.0,0.0,0.0,0.0,0,0,-1,-1,-1,-1,0.0,0.0,0.0,0.0,0,0,0,0,20,0,0.0,0.0,0.0,0.0,40,40,40.0,0.0,-1,-1,0.0,0.0,0,0,0,0,1,0,0,0,0.0,40.0,40.0,20,0,0,0,0.0,0,0,0,0,0,0,0,0,-1,0.0,-1,0.0,-1,0.0,-1,0.0,2,88704,-1,0,1,20,benign
0,1,0,83,0,83,-1,83,-1,83.0,0.0,0.0,0.0,0,0,-1,-1,-1,-1,0.0,0.0,0.0,0.0,1,0,0,0,20,0,0.0,0.0,0.0,0.0,83,83,83.0,0.0,-1,-1,0.0,0.0,0,0,0,1,1,0,0,0,0.0,83.0,83.0,20,0,0,0,0.0,0,0,0,0,0,0,0,0,-1,0.0,-1,0.0,-1,0.0,-1,0.0,2,107008,-1,0,1,32,benign
0,1,0,83,0,83,-1,83,-1,83.0,0.0,0.0,0.0,0,0,-1,-1,-1,-1,0.0,0.0,0.0,0.0,1,0,0,0,20,0,0.0,0.0,0.0,0.0,83,83,83.0,0.0,-1,-1,0.0,0.0,0,0,0,1,1,0,0,0,0.0,83.0,83.0,20,0,0,0,0.0,0,0,0,0,0,0,0,0,-1,0.0,-1,0.0,-1,0.0,-1,0.0,2,101440,-1,0,1,32,asware
0,1,0,365,0,365,-1,365,-1,365.0,0.0,0.0,0.0,0,0,-1,-1,-1,-1,0.0,0.0,0.0,0.0,0,0,0,0,20,0,0.0,0.0,0.0,0.0,365,365,365.0,0.0,-1,-1,0.0,0.0,0,0,0,0,0,0,0,0,0.0,365.0,365.0,20,0,0,0,0.0,0,0,0,0,0,0,0,0,-1,0.0,-1,0.0,-1,0.0,-1,0.0,2,0,-1,0,1,0,benign
290734,3,3,268,164,52,52,156,60,89.333336,54.666668,57.869106,4.5643544,40374,256971,3375,40286,36999,216685,20187.0,128485.5,23775.758,124732.93,1,0,0,0,60,60,10.31871,10.31871,20.63742,1485.8943,52,156,72.0,41.335217,3236,216685,58146.8,89920.73,1,2,0,1,5,0,0,0,0.6119403,72.0,89.333336,60,0,0,0,20.833334,54,0,0,0,0,0,0,0,-1,0.0,-1,0.0,-1,0.0,-1,0.0,2,4194240,1718208,2,3,32,benign
0,1,0,408,0,408,-1,408,-1,408.0,0.0,0.0,0.0,0,0,-1,-1,-1,-1,0.0,0.0,0.0,0.0,0,0,0,0,20,0,0.0,0.0,0.0,0.0,408,408,408.0,0.0,-1,-1,0.0,0.0,0,0,0,0,0,0,0,0,0.0,408.0,408.0,20,0,0,0,0.0,0,0,0,0,0,0,0,0,-1,0.0,-1,0.0,-1,0.0,-1,0.0,2,0,-1,0,1,0,benign
60783578,7,11,1334,8144,52,52,1014,1064,190.57143,740.36365,363.1099,467.67313,150130,60746736,2,2,110996,60662089,25021.666,6074673.5,44931.89,19200000.0,1,1,0,0,140,220,0.115162686,0.18096994,0.29613262,155.93027,52,1064,526.55554,501.25287,2,60633448,3575504.5,14700000.0,1,2,0,2,17,0,0,0,6.1049476,526.55554,190.57143,140,208,4,34666666,218718.16,740,8032,9,170346,7,1334,11,8144,60783578,60800000.0,60783578,0.0,60633448,60600000.0,60633448,0.0,2,4194240,1145472,10,7,32,benign
33425,1,1,52,52,52,52,52,52,52.0,52.0,0.0,0.0,0,0,-1,-1,-1,-1,0.0,0.0,0.0,0.0,0,0,0,0,20,20,29.917727,29.917727,59.835453,3111.4436,52,52,52.0,1.0,33425,33425,33425.0,0.0,1,0,0,0,2,0,0,0,1.0,52.0,52.0,20,0,0,0,0.0,52,0,0,0,0,0,0,0,-1,0.0,-1,0.0,-1,0.0,-1,0.0,2,87616,13440,1,1,32,benign
30171,1,1,60,76,60,76,60,76,60.0,76.0,0.0,0.0,0,0,-1,-1,-1,-1,0.0,0.0,0.0,0.0,0,0,0,0,20,20,33.14441,33.14441,66.28882,4507.6396,60,76,68.0,11.269427,30171,30171,30171.0,0.0,0,0,0,0,0,0,0,0,1.2666667,68.0,60.0,20,0,0,0,0.0,76,0,0,0,0,0,0,0,-1,0.0,-1,0.0,-1,0.0,-1,0.0,2,0,0,0,1,0,asware
6,2,0,80,0,40,-1,40,-1,40.0,0.0,1.0,0.0,6,0,6,-1,6,-1,6.0,0.0,0.0,0.0,0,0,0,0,40,0,333333.34,0.0,333333.34,13300000.0,40,40,40.0,1.0,6,6,6.0,0.0,0,0,2,0,0,0,0,0,0.0,40.0,40.0,40,0,0,0,0.0,0,0,0,0,0,0,0,0,-1,0.0,-1,0.0,-1,0.0,-1,0.0,3,0,-1,0,2,20,benign
0,1,0,40,0,40,-1,40,-1,40.0,0.0,0.0,0.0,0,0,-1,-1,-1,-1,0.0,0.0,0.0,0.0,0,0,0,0,20,0,0.0,0.0,0.0,0.0,40,40,40.0,0.0,-1,-1,0.0,0.0,0,0,1,0,0,0,0,0,0.0,40.0,40.0,20,0,0,0,0.0,0,0,0,0,0,0,0,0,-1,0.0,-1,0.0,-1,0.0,-1,0.0,2,0,-1,0,1,20,asware
0,1,0,356,0,356,-1,356,-1,356.0,0.0,0.0,0.0,0,0,-1,-1,-1,-1,0.0,0.0,0.0,0.0,0,0,0,0,20,0,0.0,0.0,0.0,0.0,356,356,356.0,0.0,-1,-1,0.0,0.0,0,0,0,0,0,0,0,0,0.0,356.0,356.0,20,0,0,0,0.0,0,0,0,0,0,0,0,0,-1,0.0,-1,0.0,-1,0.0,-1,0.0,2,0,-1,0,1,0,benign
59964416,5,4,1482,743,52,52,1078,307,296.4,185.75,445.09387,140.37776,59851132,59958992,4,13692,59728760,59843936,15000000.0,20000000.0,29800000.0,34500000.0,2,3,0,0,100,80,0.083382785,0.066706225,0.15008901,37.10534,52,1078,247.22223,331.42883,4,59728760,7495552.0,21100000.0,0,0,0,5,9,0,0,0,0.5013495,247.22223,296.4,100,0,0,0,19705.916,185,0,0,0,5,1482,4,743,59842044,59800000.0,59842044,0.0,59728760,59700000.0,59728760,0.0,3,262336,32448,3,5,32,benign
60646311,7,7,3107,1780,52,52,1390,1390,443.85715,254.28572,646.6797,501.4596,225001,60612085,2,12,141249,60422945,37500.168,10100000.0,54832.13,24700000.0,1,1,0,0,140,140,0.115423344,0.115423344,0.23084669,80.581985,52,1390,349.07144,564.57745,2,60421310,4665101.0,16800000.0,1,2,0,2,13,0,0,0,0.5728999,349.07144,443.85715,140,2943,4,20834,251461.73,254,1668,5,224314,7,3107,7,1780,60646311,60600000.0,60646311,0.0,60421310,60400000.0,60421310,0.0,2,4194240,926720,4,7,32,asware
1759623,2,0,104,0,52,-1,52,-1,52.0,0.0,1.0,0.0,1759623,0,1759623,-1,1759623,-1,1759623.0,0.0,0.0,0.0,0,0,0,0,40,0,1.136607,0.0,1.136607,59.10357,52,52,52.0,1.0,1759623,1759623,1759623.0,0.0,2,0,0,0,2,0,0,0,0.0,52.0,52.0,40,0,0,0,0.0,0,0,0,0,2,104,0,0,1759623,1759623.0,1759623,0.0,1759623,1759623.0,1759623,0.0,3,193216,-1,0,2,32,benign
6207250,2,0,104,0,52,-1,52,-1,52.0,0.0,1.0,0.0,6207250,0,6207250,-1,6207250,-1,6207250.0,0.0,0.0,0.0,0,0,0,0,40,0,0.32220387,0.0,0.32220387,16.7546,52,52,52.0,1.0,6207250,6207250,6207250.0,0.0,2,0,0,0,2,0,0,0,0.0,52.0,52.0,40,0,0,0,0.0,0,0,0,0,2,104,0,0,6207250,6207250.0,6207250,0.0,6207250,6207250.0,6207250,0.0,3,90496,-1,0,2,32,asware
349621,16,13,2341,10150,52,52,358,1390,146.3125,780.7692,132.8218,608.28687,349621,288381,2,8,62747,87276,23308.066,24031.75,21646.297,26284.934,6,7,0,0,320,260,45.76384,37.18312,82.94696,35727.258,52,1390,430.72415,520.7114,2,62747,12486.464,15170.96,0,2,0,13,28,0,0,0,4.335754,430.72415,146.3125,320,208,4,151162,370012.94,780,4356,5,992481,0,0,0,0,-1,0.0,-1,0.0,-1,0.0,-1,0.0,2,4194240,1853440,12,16,32,benign
50032008,10,8,1407,1408,52,52,644,513,140.7,176.0,187.80519,166.62833,50032008,236469,2,87,49716883,98901,5559112.0,33781.285,16600000.0,40145.97,4,4,0,0,200,160,0.19987205,0.15989764,0.3597697,56.26398,52,644,156.38889,174.44556,2,49716883,2943059.2,12100000.0,1,2,0,8,17,0,0,0,1.0007107,156.38889,140.7,200,0,0,0,27765.0,176,1045,4,71599,10,1407,8,1408,50032006,50000000.0,50032006,0.0,49716883,49700000.0,49716883,0.0,2,4194240,2722560,5,10,32,asware
7391505,2,0,104,0,52,-1,52,-1,52.0,0.0,1.0,0.0,7391505,0,7391505,-1,7391505,-1,7391505.0,0.0,0.0,0.0,0,0,0,0,40,0,0.2705809,0.0,0.2705809,14.070207,52,52,52.0,1.0,7391505,7391505,7391505.0,0.0,2,0,0,0,2,0,0,0,0.0,52.0,52.0,40,0,0,0,0.0,0,0,0,0,2,104,0,0,7391505,7391505.0,7391505,0.0,7391505,7391505.0,7391505,0.0,3,91776,-1,0,2,32,asware
40866,2,1,235,702,52,702,183,702,117.5,702.0,92.62559,0.0,40866,0,40866,-1,40866,-1,40866.0,0.0,0.0,0.0,1,1,0,0,40,20,48.94044,24.47022,73.41066,22928.596,52,702,312.33334,343.7584,2498,38368,20433.0,25363.92,0,0,0,2,3,0,0,0,2.987234,312.33334,117.5,40,0,0,0,0.0,702,0,0,0,0,0,0,0,-1,0.0,-1,0.0,-1,0.0,-1,0.0,2,109888,4864,1,2,32,benign
3,2,0,80,0,40,-1,40,-1,40.0,0.0,1.0,0.0,3,0,3,-1,3,-1,3.0,0.0,0.0,0.0,0,0,0,0,40,0,666666.7,0.0,666666.7,26700000.0,40,40,40.0,1.0,3,3,3.0,0.0,0,0,2,0,0,0,0,0,0.0,40.0,40.0,40,0,0,0,0.0,0,0,0,0,0,0,0,0,-1,0.0,-1,0.0,-1,0.0,-1,0.0,3,0,-1,0,2,20,asware
0,1,0,52,0,52,-1,52,-1,52.0,0.0,0.0,0.0,0,0,-1,-1,-1,-1,0.0,0.0,0.0,0.0,0,0,0,0,20,0,0.0,0.0,0.0,0.0,52,52,52.0,0.0,-1,-1,0.0,0.0,0,0,0,0,1,0,0,0,0.0,52.0,52.0,20,0,0,0,0.0,0,0,0,0,0,0,0,0,-1,0.0,-1,0.0,-1,0.0,-1,0.0,2,5056,-1,0,1,32,benign
0,0,1,0,83,-1,83,-1,83,0.0,83.0,0.0,0.0,0,0,-1,-1,-1,-1,0.0,0.0,0.0,0.0,0,1,0,0,0,20,0.0,0.0,0.0,0.0,83,83,83.0,0.0,-1,-1,0.0,0.0,0,0,0,1,1,0,0,0,0.0,83.0,0.0,0,0,0,0,0.0,83,0,0,0,0,0,0,0,-1,0.0,-1,0.0,-1,0.0,-1,0.0,2,-1,109504,1,0,0,asware
282750,8,8,1365,835,52,52,569,195,170.625,104.375,205.8109,63.08823,282750,204748,1000,319,82125,84028,40392.855,29249.715,31593.623,31291.375,3,4,0,0,160,160,28.293545,28.293545,56.58709,7780.725,52,569,137.5,150.98013,319,80128,18850.0,24490.842,0,2,0,7,15,0,0,0,0.61172163,137.5,170.625,160,0,0,0,3980.125,104,476,4,14664,0,0,0,0,-1,0.0,-1,0.0,-1,0.0,-1,0.0,2,4194240,2714112,5,8,32,benign
4622,1,1,52,52,52,52,52,52,52.0,52.0,0.0,0.0,0,0,-1,-1,-1,-1,0.0,0.0,0.0,0.0,0,0,0,0,20,20,216.35655,216.35655,432.7131,22501.082,52,52,52.0,1.0,4622,4622,4622.0,0.0,1,0,0,0,2,0,0,0,1.0,52.0,52.0,20,0,0,0,0.0,52,0,0,0,0,0,0,0,-1,0.0,-1,0.0,-1,0.0,-1,0.0,2,64192,88704,1,1,32,benign
0,1,0,436,0,436,-1,436,-1,436.0,0.0,0.0,0.0,0,0,-1,-1,-1,-1,0.0,0.0,0.0,0.0,0,0,0,0,20,0,0.0,0.0,0.0,0.0,436,436,436.0,0.0,-1,-1,0.0,0.0,0,0,0,0,0,0,0,0,0.0,436.0,436.0,20,0,0,0,0.0,0,0,0,0,0,0,0,0,-1,0.0,-1,0.0,-1,0.0,-1,0.0,2,0,-1,0,1,0,benign
31587257,7,0,581,0,83,-1,83,-1,83.0,0.0,0.4082483,0.0,31587257,0,497873,-1,16055877,-1,5264543.0,0.0,5947522.0,0.0,7,0,0,0,140,0,0.22160836,0.0,0.22160836,18.393494,83,83,83.0,0.4082483,497873,16055877,5264543.0,5947522.0,0,0,0,7,7,0,0,0,0.0,83.0,83.0,140,0,0,0,0.0,0,0,0,0,1,116,0,0,1501125,6317451.5,16055877,6012603.5,1003252,6217877.0,16055877,6115548.5,8,101440,-1,0,7,32,benign
1836497,2,0,104,0,52,-1,52,-1,52.0,0.0,1.0,0.0,1836497,0,1836497,-1,1836497,-1,1836497.0,0.0,0.0,0.0,0,0,0,0,40,0,1.0890298,0.0,1.0890298,56.62955,52,52,52.0,1.0,1836497,1836497,1836497.0,0.0,2,0,0,0,2,0,0,0,0.0,52.0,52.0,40,0,0,0,0.0,0,0,0,0,2,104,0,0,1836497,1836497.0,1836497,0.0,1836497,1836497.0,1836497,0.0,3,522880,-1,0,2,32,benign
0,0,1,0,83,-1,83,-1,83,0.0,83.0,0.0,0.0,0,0,-1,-1,-1,-1,0.0,0.0,0.0,0.0,0,1,0,0,0,20,0.0,0.0,0.0,0.0,83,83,83.0,0.0,-1,-1,0.0,0.0,0,0,0,1,1,0,0,0,0.0,83.0,0.0,0,0,0,0,0.0,83,0,0,0,0,0,0,0,-1,0.0,-1,0.0,-1,0.0,-1,0.0,2,-1,89792,1,0,0,benign
0,1,0,83,0,83,-1,83,-1,83.0,0.0,0.0,0.0,0,0,-1,-1,-1,-1,0.0,0.0,0.0,0.0,1,0,0,0,20,0,0.0,0.0,0.0,0.0,83,83,83.0,0.0,-1,-1,0.0,0.0,0,0,0,1,1,0,0,0,0.0,83.0,83.0,20,0,0,0,0.0,0,0,0,0,0,0,0,0,-1,0.0,-1,0.0,-1,0.0,-1,0.0,2,101440,-1,0,1,32,benign
28504,1,1,83,40,83,40,83,40,83.0,40.0,0.0,0.0,0,0,-1,-1,-1,-1,0.0,0.0,0.0,0.0,1,0,0,0,20,20,35.082794,35.082794,70.16559,4315.1836,40,83,61.5,30.389143,28504,28504,28504.0,0.0,0,0,1,1,1,0,0,0,0.48192772,61.5,83.0,20,0,0,0,0.0,40,0,0,0,0,0,0,0,-1,0.0,-1,0.0,-1,0.0,-1,0.0,2,104320,0,0,1,32,benign
0,1,0,356,0,356,-1,356,-1,356.0,0.0,0.0,0.0,0,0,-1,-1,-1,-1,0.0,0.0,0.0,0.0,0,0,0,0,20,0,0.0,0.0,0.0,0.0,356,356,356.0,0.0,-1,-1,0.0,0.0,0,0,0,0,0,0,0,0,0.0,356.0,356.0,20,0,0,0,0.0,0,0,0,0,0,0,0,0,-1,0.0,-1,0.0,-1,0.0,-1,0.0,2,0,-1,0,1,0,benign
425008083,2,0,104,0,52,-1,52,-1,52.0,0.0,1.0,0.0,425008083,0,425008083,-1,425008083,-1,425000000.0,0.0,0.0,0.0,0,0,0,0,40,0,0.004705793,0.0,0.004705793,0.24470122,52,52,52.0,1.0,425008083,425008083,425000000.0,0.0,1,0,0,0,2,0,0,0,0.0,52.0,52.0,40,0,0,0,0.0,0,0,0,0,2,104,0,0,425008083,425000000.0,425008083,0.0,425008083,425000000.0,425008083,0.0,3,119040,-1,0,2,32,benign
1672000,2,0,104,0,52,-1,52,-1,52.0,0.0,1.0,0.0,1672000,0,1672000,-1,1672000,-1,1672000.0,0.0,0.0,0.0,0,0,0,0,40,0,1.1961722,0.0,1.1961722,62.20096,52,52,52.0,1.0,1672000,1672000,1672000.0,0.0,1,0,0,0,2,0,0,0,0.0,52.0,52.0,40,0,0,0,0.0,0,0,0,0,2,104,0,0,1672000,1672000.0,1672000,0.0,1672000,1672000.0,1672000,0.0,3,91840,-1,0,2,32,asware
73120,3,4,627,708,52,52,515,544,209.0,177.0,265.03302,244.69505,37003,38526,2,195,37001,37525,18501.5,12842.0,26162.244,21378.287,1,1,0,0,60,80,41.028446,54.704594,95.73304,18257.658,52,544,190.71428,231.61334,2,35116,12186.667,17579.936,1,2,0,2,6,0,0,0,1.1291866,190.71428,209.0,60,0,0,0,59875.668,177,0,0,0,0,0,0,0,-1,0.0,-1,0.0,-1,0.0,-1,0.0,2,4194240,926720,3,3,32,benign
157355,5,7,965,916,52,52,405,566,193.0,130.85715,189.47493,192.08499,101502,112095,2,14,53003,50012,25375.5,18682.5,28746.166,24096.773,2,3,0,0,100,140,31.775286,44.4854,76.26068,11953.862,52,566,156.75,184.94403,2,45498,14305.0,20127.887,1,2,0,5,11,0,0,0,0.9492228,156.75,193.0,100,0,0,0,36896.645,130,727,4,67508,0,0,0,0,-1,0.0,-1,0.0,-1,0.0,-1,0.0,2,4194240,259200,5,5,32,benign
0,1,0,436,0,436,-1,436,-1,436.0,0.0,0.0,0.0,0,0,-1,-1,-1,-1,0.0,0.0,0.0,0.0,0,0,0,0,20,0,0.0,0.0,0.0,0.0,436,436,436.0,0.0,-1,-1,0.0,0.0,0,0,0,0,0,0,0,0,0.0,436.0,436.0,20,0,0,0,0.0,0,0,0,0,0,0,0,0,-1,0.0,-1,0.0,-1,0.0,-1,0.0,2,0,-1,0,1,0,benign
23520379,2,0,104,0,52,-1,52,-1,52.0,0.0,1.0,0.0,23520379,0,23520379,-1,23520379,-1,23500000.0,0.0,0.0,0.0,0,0,0,0,40,0,0.08503264,0.0,0.08503264,4.4216976,52,52,52.0,1.0,23520379,23520379,23500000.0,0.0,2,0,0,0,2,0,0,0,0.0,52.0,52.0,40,0,0,0,0.0,0,0,0,0,2,104,0,0,23520379,23500000.0,23520379,0.0,23520379,23500000.0,23520379,0.0,3,88704,-1,0,2,32,asware
65819561,5,5,559,2668,52,52,331,1252,111.8,533.6,122.64563,655.8144,2902751,65419151,4122,1716,1843000,63225947,725687.75,16400000.0,790945.6,31300000.0,1,2,0,0,100,100,0.075965255,0.075965255,0.15193051,49.027977,52,1252,322.7,497.251,1716,62916810,7313284.5,20900000.0,1,2,0,3,9,0,0,0,4.7728086,322.7,111.8,100,0,0,0,430092.56,533,0,0,0,2,279,2,1334,2593614,32900000.0,63225947,42900000.0,1533863,32200000.0,62916810,43400000.0,2,4194240,926720,3,5,32,asware
72599,3,3,268,164,52,52,156,60,89.333336,54.666668,57.869106,4.5643544,38749,38518,1125,13,37624,38505,19374.5,19259.0,25808.69,27217.955,1,0,0,0,60,60,41.322884,41.322884,82.64577,5950.495,52,156,72.0,41.335217,13,34081,14519.8,17791.521,1,2,0,1,5,0,0,0,0.6119403,72.0,89.333336,60,0,0,0,20.833334,54,0,0,0,0,0,0,0,-1,0.0,-1,0.0,-1,0.0,-1,0.0,2,4194240,1718208,2,3,32,benign
73310,3,3,268,164,52,52,156,60,89.333336,54.666668,57.869106,4.5643544,39373,39600,3250,13,36123,39587,19686.5,19800.0,23244.72,27983.043,1,0,0,0,60,60,40.92211,40.92211,81.84422,5892.784,52,156,72.0,41.335217,13,33924,14662.0,17526.521,1,2,0,1,5,0,0,0,0.6119403,72.0,89.333336,60,0,0,0,20.833334,54,0,0,0,0,0,0,0,-1,0.0,-1,0.0,-1,0.0,-1,0.0,2,4194240,1718208,2,3,32,benign
46222725,5,5,855,580,40,40,675,388,171.0,116.0,281.8772,152.28838,227878,46200322,2,12,201748,46000395,56969.5,11600000.0,97175.17,23000000.0,1,2,0,0,100,100,0.1081719,0.1081719,0.2163438,31.045336,40,675,143.5,215.54826,2,45994847,5135858.5,15300000.0,1,2,0,3,9,0,0,0,0.67836255,143.5,171.0,100,0,0,0,23191.75,116,0,0,0,5,855,5,580,46222725,46200000.0,46222725,0.0,45994847,46000000.0,45994847,0.0,2,4194240,1868800,4,5,20,benign
33602,1,1,52,52,52,52,52,52,52.0,52.0,0.0,0.0,0,0,-1,-1,-1,-1,0.0,0.0,0.0,0.0,0,0,0,0,20,20,29.760134,29.760134,59.520267,3095.054,52,52,52.0,1.0,33602,33602,33602.0,0.0,1,0,0,0,2,0,0,0,1.0,52.0,52.0,20,0,0,0,0.0,52,0,0,0,0,0,0,0,-1,0.0,-1,0.0,-1,0.0,-1,0.0,2,87616,10240,1,1,32,benign
13,2,0,135,0,52,-1,83,-1,67.5,0.0,21.897488,0.0,13,0,13,-1,13,-1,13.0,0.0,0.0,0.0,1,0,0,0,40,0,153846.16,0.0,153846.16,10400000.0,52,83,67.5,21.897488,13,13,13.0,0.0,1,0,0,1,2,0,0,0,0.0,67.5,67.5,40,0,0,0,0.0,0,0,0,0,0,0,0,0,-1,0.0,-1,0.0,-1,0.0,-1,0.0,3,5056,-1,0,2,32,benign
7652250,183,240,9888,330915,52,52,416,1390,54.032787,1378.8125,26.9108,121.520935,7652250,482046,1,2,7107751,84303,42045.33,2016.9288,526713.0,7592.8716,1,4,0,0,3660,4800,23.914536,31.363325,55.27786,44536.312,52,1390,805.68085,663.69415,1,7107751,18133.293,345962.38,1,2,0,5,422,0,0,0,33.466324,805.68085,54.032787,3660,431,8,63260,14767.337,1378,14343,10,3611823,183,9888,240,330915,7652250,7652250.0,7652250,0.0,7107751,7107751.0,7107751,0.0,2,4194240,1853440,239,183,32,benign
2,2,0,135,0,52,-1,83,-1,67.5,0.0,21.897488,0.0,2,0,2,-1,2,-1,2.0,0.0,0.0,0.0,1,0,0,0,40,0,1000000.0,0.0,1000000.0,67500000.0,52,83,67.5,21.897488,2,2,2.0,0.0,1,0,0,1,2,0,0,0,0.0,67.5,67.5,40,0,0,0,0.0,0,0,0,0,0,0,0,0,-1,0.0,-1,0.0,-1,0.0,-1,0.0,3,101824,-1,0,2,32,benign
2043,1,1,52,52,52,52,52,52,52.0,52.0,0.0,0.0,0,0,-1,-1,-1,-1,0.0,0.0,0.0,0.0,0,0,0,0,20,20,489.47626,489.47626,978.9525,50905.53,52,52,52.0,1.0,2043,2043,2043.0,0.0,1,0,0,0,2,0,0,0,1.0,52.0,52.0,20,0,0,0,0.0,52,0,0,0,0,0,0,0,-1,0.0,-1,0.0,-1,0.0,-1,0.0,2,8704,88704,1,1,32,asware
1831376,2,0,104,0,52,-1,52,-1,52.0,0.0,1.0,0.0,1831376,0,1831376,-1,1831376,-1,1831376.0,0.0,0.0,0.0,0,0,0,0,40,0,1.092075,0.0,1.092075,56.787903,52,52,52.0,1.0,1831376,1831376,1831376.0,0.0,2,0,0,0,2,0,0,0,0.0,52.0,52.0,40,0,0,0,0.0,0,0,0,0,2,104,0,0,1831376,1831376.0,1831376,0.0,1831376,1831376.0,1831376,0.0,3,435648,-1,0,2,32,benign
1199750,2,0,80,0,40,-1,40,-1,40.0,0.0,1.0,0.0,1199750,0,1199750,-1,1199750,-1,1199750.0,0.0,0.0,0.0,0,0,0,0,40,0,1.667014,0.0,1.667014,66.68056,40,40,40.0,1.0,1199750,1199750,1199750.0,0.0,2,0,0,0,2,0,0,0,0.0,40.0,40.0,40,0,0,0,0.0,0,0,0,0,2,80,0,0,1199750,1199750.0,1199750,0.0,1199750,1199750.0,1199750,0.0,3,4194240,-1,0,2,20,benign
24771123,2,0,104,0,52,-1,52,-1,52.0,0.0,1.0,0.0,24771123,0,24771123,-1,24771123,-1,24800000.0,0.0,0.0,0.0,0,0,0,0,40,0,0.08073917,0.0,0.08073917,4.198437,52,52,52.0,1.0,24771123,24771123,24800000.0,0.0,2,0,0,0,2,0,0,0,0.0,52.0,52.0,40,0,0,0,0.0,0,0,0,0,2,104,0,0,24771123,24800000.0,24771123,0.0,24771123,24800000.0,24771123,0.0,3,90496,-1,0,2,32,asware
3003879,3,0,180,0,60,-1,60,-1,60.0,0.0,0.70710677,0.0,3003879,0,1003379,-1,2000500,-1,1501939.5,0.0,705071.0,0.0,0,0,0,0,60,0,0.99870867,0.0,0.99870867,59.92252,60,60,60.0,0.70710677,1003379,2000500,1501939.5,705071.0,0,3,0,0,0,0,0,0,0.0,60.0,60.0,60,0,0,0,0.0,0,0,0,0,1,90,0,0,1003379,1501939.5,2000500,705071.0,1003379,1501939.5,2000500,705071.0,4,4194240,-1,0,3,40,benign
5000790,1,2,52,135,52,52,52,83,52.0,67.5,0.0,21.897488,0,5000790,-1,5000790,-1,5000790,0.0,5000790.0,0.0,0.0,0,1,0,0,20,40,0.1999684,0.3999368,0.5999052,37.394093,52,83,62.333332,17.883884,7567,4993223,2500395.0,3525391.2,1,0,0,1,3,0,0,0,2.5961537,62.333332,52.0,20,0,0,0,479.5,67,0,0,0,1,52,2,135,5000790,5000790.0,5000790,0.0,4993223,4993223.0,4993223,0.0,2,89792,3328,2,1,32,asware
0,1,0,436,0,436,-1,436,-1,436.0,0.0,0.0,0.0,0,0,-1,-1,-1,-1,0.0,0.0,0.0,0.0,0,0,0,0,20,0,0.0,0.0,0.0,0.0,436,436,436.0,0.0,-1,-1,0.0,0.0,0,0,0,0,0,0,0,0,0.0,436.0,436.0,20,0,0,0,0.0,0,0,0,0,0,0,0,0,-1,0.0,-1,0.0,-1,0.0,-1,0.0,2,0,-1,0,1,0,benign
9597681,2,1,216,108,108,108,108,108,108.0,108.0,1.0,0.0,5026751,0,5026751,-1,5026751,-1,5026751.0,0.0,0.0,0.0,0,0,0,0,40,20,0.20838366,0.10419184,0.31257552,33.758156,108,108,108.0,0.70710677,4570930,5026751,4798840.5,322314.12,0,0,0,0,0,0,0,0,0.5,108.0,108.0,40,0,0,0,0.0,108,0,0,0,1,108,0,54,4570930,4798840.5,5026751,322314.12,4570930,4798840.5,5026751,322314.12,3,0,0,0,2,0,benign
0,1,0,408,0,408,-1,408,-1,408.0,0.0,0.0,0.0,0,0,-1,-1,-1,-1,0.0,0.0,0.0,0.0,0,0,0,0,20,0,0.0,0.0,0.0,0.0,408,408,408.0,0.0,-1,-1,0.0,0.0,0,0,0,0,0,0,0,0,0.0,408.0,408.0,20,0,0,0,0.0,0,0,0,0,0,0,0,0,-1,0.0,-1,0.0,-1,0.0,-1,0.0,2,0,-1,0,1,0,benign
0,1,0,420,0,420,-1,420,-1,420.0,0.0,0.0,0.0,0,0,-1,-1,-1,-1,0.0,0.0,0.0,0.0,0,0,0,0,20,0,0.0,0.0,0.0,0.0,420,420,420.0,0.0,-1,-1,0.0,0.0,0,0,0,0,0,0,0,0,0.0,420.0,420.0,20,0,0,0,0.0,0,0,0,0,0,0,0,0,-1,0.0,-1,0.0,-1,0.0,-1,0.0,2,0,-1,0,1,0,benign
249885,2,0,135,0,52,-1,83,-1,67.5,0.0,21.897488,0.0,249885,0,249885,-1,249885,-1,249885.0,0.0,0.0,0.0,1,0,0,0,40,0,8.003682,0.0,8.003682,540.24854,52,83,67.5,21.897488,249885,249885,249885.0,0.0,2,0,0,1,2,0,0,0,0.0,67.5,67.5,40,0,0,0,0.0,0,0,0,0,0,0,0,0,-1,0.0,-1,0.0,-1,0.0,-1,0.0,3,7808,-1,0,2,32,asware
0,1,0,436,0,436,-1,436,-1,436.0,0.0,0.0,0.0,0,0,-1,-1,-1,-1,0.0,0.0,0.0,0.0,0,0,0,0,20,0,0.0,0.0,0.0,0.0,436,436,436.0,0.0,-1,-1,0.0,0.0,0,0,0,0,0,0,0,0,0.0,436.0,436.0,20,0,0,0,0.0,0,0,0,0,0,0,0,0,-1,0.0,-1,0.0,-1,0.0,-1,0.0,2,0,-1,0,1,0,benign
0,1,0,356,0,356,-1,356,-1,356.0,0.0,0.0,0.0,0,0,-1,-1,-1,-1,0.0,0.0,0.0,0.0,0,0,0,0,20,0,0.0,0.0,0.0,0.0,356,356,356.0,0.0,-1,-1,0.0,0.0,0,0,0,0,0,0,0,0,0.0,356.0,356.0,20,0,0,0,0.0,0,0,0,0,0,0,0,0,-1,0.0,-1,0.0,-1,0.0,-1,0.0,2,0,-1,0,1,0,benign
30847515,2,0,104,0,52,-1,52,-1,52.0,0.0,1.0,0.0,30847515,0,30847515,-1,30847515,-1,30800000.0,0.0,0.0,0.0,0,0,0,0,40,0,0.06483504,0.0,0.06483504,3.3714223,52,52,52.0,1.0,30847515,30847515,30800000.0,0.0,2,0,0,0,2,0,0,0,0.0,52.0,52.0,40,0,0,0,0.0,0,0,0,0,2,104,0,0,30847515,30800000.0,30847515,0.0,30847515,30800000.0,30847515,0.0,3,107008,-1,0,2,32,benign
0,1,0,422,0,422,-1,422,-1,422.0,0.0,0.0,0.0,0,0,-1,-1,-1,-1,0.0,0.0,0.0,0.0,0,0,0,0,20,0,0.0,0.0,0.0,0.0,422,422,422.0,0.0,-1,-1,0.0,0.0,0,0,0,0,0,0,0,0,0.0,422.0,422.0,20,0,0,0,0.0,0,0,0,0,0,0,0,0,-1,0.0,-1,0.0,-1,0.0,-1,0.0,2,0,-1,0,1,0,benign
33702,1,1,52,52,52,52,52,52,52.0,52.0,0.0,0.0,0,0,-1,-1,-1,-1,0.0,0.0,0.0,0.0,0,0,0,0,20,20,29.67183,29.67183,59.34366,3085.8704,52,52,52.0,1.0,33702,33702,33702.0,0.0,1,0,0,0,2,0,0,0,1.0,52.0,52.0,20,0,0,0,0.0,52,0,0,0,0,0,0,0,-1,0.0,-1,0.0,-1,0.0,-1,0.0,2,87616,10240,1,1,32,benign
0,1,0,52,0,52,-1,52,-1,52.0,0.0,0.0,0.0,0,0,-1,-1,-1,-1,0.0,0.0,0.0,0.0,0,0,0,0,20,0,0.0,0.0,0.0,0.0,52,52,52.0,0.0,-1,-1,0.0,0.0,0,0,0,0,1,0,0,0,0.0,52.0,52.0,20,0,0,0,0.0,0,0,0,0,0,0,0,0,-1,0.0,-1,0.0,-1,0.0,-1,0.0,2,8896,-1,0,1,32,benign
241106229,21,16,9050,7056,52,52,1390,1390,430.9524,441.0,545.0946,475.27472,1106001,241078277,2,191,525251,240002256,55300.05,16100000.0,113787.18,61900000.0,7,7,0,0,420,320,0.08709854,0.066360794,0.15345933,66.80043,52,1390,435.2973,509.13245,2,240000228,6697395.0,40000000.0,1,2,0,14,36,0,0,0,0.7796685,435.2973,430.9524,420,334,4,16193,225886.06,441,3834,4,1110660,21,9050,16,7056,241106229,241000000.0,241106229,0.0,240000228,240000000.0,240000228,0.0,2,4194240,2722560,11,21,32,benign
75923,3,3,268,164,52,52,156,60,89.333336,54.666668,57.869106,4.5643544,37753,40171,2,13,37751,40158,18876.5,20085.5,26692.574,28386.8,1,0,0,0,60,60,39.513718,39.513718,79.027435,5689.9756,52,156,72.0,41.335217,2,38157,15184.6,19907.9,1,2,0,1,5,0,0,0,0.6119403,72.0,89.333336,60,0,0,0,20.833334,54,0,0,0,0,0,0,0,-1,0.0,-1,0.0,-1,0.0,-1,0.0,2,4194240,1718208,2,3,32,benign
